CardID,CardNumber,AccountID,IssueDate,ExpiryDate,CardType,PINHash,Status
1,9704102315730159,2,2026-01-28,2031-01-27,ATM,7f28fe2880989328fede8596977d07a840b709f7af0155ecde7728b888b30107,Active
2,9704777119621149,3,2026-03-31,2031-03-30,Debit,327814e69aa70d3b8c1f4f1f123c1048ace2c10653dbd3228e1c961988012a55,Active
3,9704224066449081,4,2025-04-25,2030-04-24,ATM,855de45c760d01a7763dd48d2e10f7c22b17635c052d7c99cb811a937666d305,Active
4,9704380230912578,5,2026-02-11,2031-02-10,Debit,bceddb8f4149d348f4ed926172d7c1cae6e4ca39f846211dbb1047c8aefca3b1,Active
5,9704970549787904,6,2026-02-16,2031-02-15,Debit,807d89a81a94b8de872e3a11e0a0b04a9ed8878a37ba958134ae674f843b1244,Expired
6,9704280879284719,7,2025-02-14,2030-02-13,ATM,b9dfa0ec4eadec9dc7a428cb8344a929ced6b9c31c490d833090d2f0edc7c9cc,Active
7,9704689123628474,8,2026-03-13,2031-03-12,Debit,3e2796f11f2dd070602e9b39e213d117254b7d490d40cad6ffc6ea9ebb84a9e6,Active
8,9704309733579712,10,2025-12-15,2030-12-14,Debit,0f5eeee11188609e2d6bfb65fdd58aa1fbe68898e68124642b5a18bef41eae19,Active
9,9704700914523649,11,2025-12-21,2030-12-20,Debit,67c769278857c102aabd869f36ac8278d3fb17820dd7c08de133241852291525,Active
10,9704846795356235,14,2026-03-05,2031-03-04,Debit,1c968b65e374da06c3400fd4354bea2c28a392d1ecb35c3466c360a00079b556,Active
11,9704997251081116,15,2026-02-19,2031-02-18,ATM,fb5a7063db677a858938963341f8bdfa59853d88faa5e5adc4ba3374f8772da5,Active
12,9704970519249055,16,2026-03-17,2031-03-16,ATM,22c7aa5fd8d37dc831cf91c7d5a80b8f65a95e28842dd364e06680d82d121bd8,Active
13,9704036760737427,17,2026-02-18,2031-02-17,Debit,d39f54925583b3b2c5bae2f3bc99e11fce2074b7753e127d88f9b435450daa16,Active
14,9704187424431950,18,2025-06-05,2030-06-04,Debit,07fec0ca6deb5bc0ca4d1b15353cbf4ff68150e24af1cb512db2c4e47292d2e8,Blocked
15,9704160371513894,19,2025-09-01,2030-08-31,Debit,36c958833643a0b9364513927985ecb44d2da28cf022580502ecbf5f25e98258,Active
16,9704744471487690,20,2026-03-31,2031-03-30,ATM,21055feaed8a1cc52c2d9ae96c8ff2bf14422f4c81d10b7dcd071d8c44d0a121,Active
17,9704565021670258,21,2025-09-28,2030-09-27,Debit,334cdc10a97d04297cd6a481d14c75b0d5ca0558aeb623a56bbd969db84a8f6d,Active
18,9704808732687585,22,2025-06-27,2030-06-26,ATM,7897bf811db35bd6f029560ecce413f805f1e1fb6f09f1d5c4b1f2fb30781e2a,Expired
19,9704155253978603,23,2025-04-01,2030-03-31,ATM,a40f4350da1713a31e26d662effe76ee8b2fdd0aee5e8520ca7ad602d55e4182,Active
20,9704857962877141,24,2025-07-09,2030-07-08,ATM,a078f7dbcefb579ba53178d9f94db0dc5e62ca02b90f8dc3d5444a609051b83c,Active
21,9704741013026571,25,2025-06-18,2030-06-17,ATM,bbcf275cdaf24fba3205683fd58bf621a7fe0e1390657b495c5fb5e79d49b197,Expired
22,9704084846926016,27,2025-04-03,2030-04-02,Debit,f0454135a896558770ac8663b8983606a77c8688b7e3f695609bbf05fed0e1fc,Active
23,9704840610097513,28,2026-03-11,2031-03-10,Debit,6e5a0e560471e36c0aa6501e0882a56f9eb2df4dad3d49c14081ea41acdea754,Active
24,9704828850369866,29,2025-10-17,2030-10-16,Debit,7c6a92f8f0b4a5df1400d9713f24ca923b5cc09b0697444870a23dba3fb51448,Active
25,9704487981588586,30,2026-03-23,2031-03-22,Debit,308226291bf25122008b7910baeae93339e9984e7f4e0b1df07885e7c58dddd8,Active
26,9704568997714259,31,2026-03-19,2031-03-18,Debit,f4a00a6ce6925823c336d8c102d4ea025bf6ce63c894616ff65b3cb67e965558,Active
27,9704672260559317,32,2026-03-31,2031-03-30,Debit,1750dd1f870295823d2e6977d6ccc4dc337a7843709c37c2fb433837d03351f9,Active
28,9704774840077816,33,2026-03-16,2031-03-15,Debit,157029e9b1862bd91acca2893b74d603e3415c0b540ff958ad24ded9b3aebd2e,Blocked
29,9704644445194865,35,2025-07-17,2030-07-16,ATM,050efa215e26e5a53ac5adcfd6bac9194f16f2151858c5fd9626bab660650a5a,Active
30,9704981339331850,36,2026-02-06,2031-02-05,ATM,a3a9888b6f86da9285664b4e76729cf693a186a0fea668d941eae813db214572,Active
31,9704581366604218,37,2026-03-07,2031-03-06,Debit,ff5ae9e75f4ee32c2c6d67e32f0e7b002896f907b5d4ab99643a3e051dab38af,Active
32,9704745904645553,38,2024-11-18,2029-11-17,ATM,7ab8819034ba79775757572e3484b624146e96456114a9161b110c71fa42af65,Active
33,9704822916534285,39,2026-01-24,2031-01-23,ATM,7536d3e00ddc295f8706dafce7b7ceabcef779c9ba8147c559b6697fa91846e1,Active
34,9704137523716883,41,2026-01-04,2031-01-03,Debit,af2da5aa0bc8c26386d8b9f607a2b5a3c53a7f2c3e9fd4bb8e8fb32b3c71212b,Active
35,9704143260815257,43,2025-10-05,2030-10-04,Debit,d892d21863145776b2d6efbdc94e284f10eb7d8c2ee584c895e77e4d6ba8cdfb,Active
36,9704883385672895,44,2025-06-28,2030-06-27,ATM,0e2f45a9ef87e02366abb0573795440354ad099b17ff69d105f48ae0b07f6221,Expired
37,9704943000336187,45,2026-01-20,2031-01-19,ATM,7ecb926569d1ae167f6b239cece4ce66cf19f15eb1c673e4f55a027aa62890b5,Active
38,9704302589682407,46,2026-02-05,2031-02-04,Debit,86907de12f075c8d361078dc52c369cb4ee3e1aa3743a998f8f15db6928bca68,Active
39,9704460174812939,47,2026-03-21,2031-03-20,Debit,bf9751b4d6b0f253784c5f671b7cd3d1c5a6f4939335a3569bb344cd4ac54744,Active
40,9704695983301719,49,2026-01-19,2031-01-18,ATM,268f95fb3403124f033b3d809f9a1d0679cb4f2fa65325a8562a88093e30e9ca,Blocked
41,9704718102962723,50,2026-01-12,2031-01-11,ATM,9dd9e73c3f4ab5ea3ded611503ae6dc2e120b6d54f93b1fada0d339b007427a2,Active
42,9704356308220892,51,2026-01-26,2031-01-25,ATM,893c412abed6703d1f3d8498e97cc3fedbe66e7538cf04fed8d986bd6c01e25b,Active
43,9704850211089727,52,2026-03-16,2031-03-15,Debit,56cd73726e3f974215359e97b155f00dbbe59ce031c0b99262e53ce74cf71e06,Active
44,9704426765733161,53,2026-02-28,2031-02-27,ATM,f6650db9d7b3aeeb6eb2111268c6c503538cef5cda08a93033f644300b3ffddb,Active
45,9704933003080304,55,2025-10-20,2030-10-19,ATM,b00c5f1c83bbfd3c7e8577bf42f23a113df67e30f02272bef663e0b29739f22a,Active
46,9704631457717433,57,2026-03-18,2031-03-17,ATM,5970caf0e0d301d12df07668f89397edea3ca634a22731aa53b1609d11340cca,Active
47,9704234521207626,58,2026-03-22,2031-03-21,Debit,3d9a3c528706d737835600ae95a9f3d053fe81eeb825eb1db82285913b8b372d,Active
48,9704588531512516,60,2026-03-09,2031-03-08,ATM,b44b82b54b490df423eb3e29d77932aeddbc7d50b92e125475835f9b1bd0e4d1,Active
49,9704482328705836,61,2026-03-29,2031-03-28,Debit,a8eb016e02d53cc296c0b247983b2cd97d25b9b39700a7a9579b7f3643d83d0e,Active
50,9704431850323558,63,2026-03-30,2031-03-29,ATM,75bed21abdfe04165fb3f8b312388d050eab3e5bde6878812e7babeefe66e45e,Active
51,9704576155455297,66,2026-03-29,2031-03-28,Debit,8c4721c32032e0b66b6eafb1e40c7eb82d69304ea82ff0db485f4d4761656844,Active
52,9704459122972796,67,2026-03-31,2031-03-30,ATM,9fc1ae8bd31f3d9db8f97feb604b4366182bc93f637c631a7a836d99209b2115,Active
53,9704937465715151,68,2026-03-06,2031-03-05,Debit,f89e2c676cf562b15c9f072057142606bac3771c311a8dedb5ab14e566a7783d,Active
54,9704688882569400,69,2026-02-20,2031-02-19,ATM,54f21978c2e37b9812d3d5385a49625c7d3d97b7f92afbea8d702604e5de7644,Active
55,9704998772485350,70,2026-03-28,2031-03-27,Debit,7281978991a7e9dd6cf7cd4ffab58dcf4157f5f0c318d3170718dbe1549afe0d,Active
56,9704345756980930,71,2026-03-11,2031-03-10,Debit,7a2f1b4b9e593da16c1d2c52f635636425f6e9332dcfc7eaad9b729017222759,Active
57,9704885884531895,72,2026-03-28,2031-03-27,Debit,ae013a0178f332a00873a86581009584133772f381c81e72f2e58c7492062ad0,Active
58,9704750790831371,73,2025-10-02,2030-10-01,Debit,838050ccbf925bc7bc5e99bac41a22c2649176bf071cbc6d70ebc83ddbb0a7c0,Active
59,9704958936317005,74,2026-03-28,2031-03-27,Debit,68b23d3d7eb89a079074fa05afecaf27e2631d6c5901e6ed84c58baa59dc02b4,Blocked
60,9704201244997527,75,2026-03-16,2031-03-15,Debit,2feadc59ca0fe57e3a4a0ecc3054e933b8a381aff02e0ad67adb1f870f836ae4,Expired
61,9704374237003387,76,2026-03-03,2031-03-02,ATM,71dbde6e6ec887de6137cbd60936f9856e87bc6f1343a20aa5de79256f98a758,Active
62,9704426882413812,77,2025-12-18,2030-12-17,ATM,9a776fdb4c75beecea578dd37eb605bcdca68c9ffaeabf3267f4fd9ff838bf9c,Expired
63,9704152448547309,78,2025-12-25,2030-12-24,ATM,800883db16e481cff590425692d794486e5935da72a8500e549abd0b1e897a17,Active
64,9704286086693838,79,2026-03-02,2031-03-01,ATM,65c55cd88e4e8585b421a80e1e53200cbdacc5f457c3bc09bfba4138b2a16076,Active
65,9704906519014495,80,2026-02-05,2031-02-04,Debit,60e4207f1fcebdc9958f7bdeec24b4314ac8268fd781892f8af3f68b6977a4eb,Active
66,9704455579550427,81,2025-08-17,2030-08-16,Debit,62fca618f58a76705a19561ff9e081e4b6bceaea1cb06efe08b820996a120012,Active
67,9704726423917875,82,2026-03-31,2031-03-30,ATM,c6dc50f8c937988191ba33cfbd13f9d96f38b8a492737d53e5f90e9e7fc200a5,Active
68,9704216455113827,83,2025-09-01,2030-08-31,Debit,5b7bbb1d13159c1cebfd65bf479e1a11a285c0f10ff2f0b3bc292830a66b0814,Active
69,9704952463572240,85,2025-10-31,2030-10-30,ATM,9c0b8cac5f809353097a5b1c8ce551d7d69103ba71aa41bb46bc2ea96c8ae7e6,Active
70,9704619188911121,86,2025-08-30,2030-08-29,Debit,ab429ad22f71d49e103b3923b1d008ef5be45994b053841062e1d36a018208b1,Expired
71,9704820064122074,87,2025-09-19,2030-09-18,ATM,9d9c0dda6838356eb8d5383321a43cb44cb4671ed79acec47604a21334c11707,Active
72,9704378604606175,88,2025-11-01,2030-10-31,ATM,efab6057bfb5d118edb92b13dad1dc3c023cbb93d348846a0212396e2217ca7a,Active
73,9704798521042122,90,2025-10-23,2030-10-22,Debit,dfb9d095adcda4a78bcf9d7cc4607fb43d837ba8265dc0cb4e3d9c09a65285db,Active
74,9704035030054609,91,2025-09-26,2030-09-25,Debit,aa4d032c1205858c522abd988911e94af789c371cf06a48fb6a73a09bf74cc7e,Active
75,9704387034503430,92,2025-03-10,2030-03-09,ATM,03809e8e2330f9d5150abe9da54023f2bc2cdea38cea4e9b3e01d415263826c5,Active
76,9704904607041153,93,2025-12-30,2030-12-29,Debit,e76120d9a84f0f9bfbc304f16c7bd21e7b3c58e6600242c82ca6f6584e3aeecc,Active
77,9704641083977791,94,2025-05-29,2030-05-28,Debit,fa1dc6b27e93fdb5b9a5ffaa3eeadc8c93f9bf019ae2f3b81a211ca644394585,Active
78,9704434912389130,96,2025-12-17,2030-12-16,ATM,a53c0fbf5e724771d6b8d44e5ade64d0b39f628c6acac393526c33e1f783d72e,Active
79,9704920996027488,97,2025-08-13,2030-08-12,ATM,c60e3f38d40034f63c5ac2fec48d1a28f3c202d0b625a430580b80f610e56f11,Active
80,9704463214663596,98,2025-07-27,2030-07-26,ATM,f8cdef56e32caeb9364ac1c2a285031f9f78ef768e4ddb4ec103d31cbfa470da,Expired
81,9704331163958148,100,2025-07-08,2030-07-07,ATM,0f4afd8ae69fb520141ff7a4e91491b72017f03be0b5dffdbc0ee3ad2ad594c7,Active
82,9704489614995240,103,2026-03-31,2031-03-30,Debit,52fec29ffb33821014f3448a89f22a126b4c6e005525c821111cd4113305b326,Active
83,9704910281404779,104,2025-09-17,2030-09-16,Debit,934e664386e94d7cbfa323071b31693b06b504a4b0cff83bf05ab8887a28b2b5,Active
84,9704132552901294,106,2026-03-08,2031-03-07,ATM,e5cb03012eac686bd81bcfefa87e7ad74b8e144829a0324e86d441d14f03b42b,Active
85,9704191767833870,107,2025-12-10,2030-12-09,Debit,3f0fe4a2e4b4b7b97c9c49a09d6fe07c691f57b0419978f44a9a178263337167,Active
86,9704779456057502,108,2026-01-13,2031-01-12,ATM,12d11810d75283abd44162e5d56d229c0ca81249f6c29dc86a1b5aa3942757df,Active
87,9704376814975577,109,2026-03-10,2031-03-09,Debit,52ec590b2e97560b31e8f68c105139dde3fb3292464766f78cdb6c55737f2848,Active
88,9704358089493005,110,2026-03-29,2031-03-28,ATM,a588ce95f154fe1ed7b5ce7f94145a45173a211647f0c10c2519f44fdd866632,Active
89,9704872495006663,111,2026-02-28,2031-02-27,Debit,050d9675164bf50d96aa72dba4e537651e5a4e090f2a01561543ddd76ac89aae,Active
90,9704128033240396,113,2024-11-02,2029-11-01,ATM,97bd4a09e07479116dc4cf375107af2875c30729985fbfc8d9f8969d6482698d,Active
91,9704410018787505,115,2026-03-06,2031-03-05,Debit,1b6970e6834f66ee692e441707026c1f226a5450c8c2af3f797111c2642b5201,Active
92,9704918155023129,117,2026-02-01,2031-01-31,Debit,1aef98f5a86f8acb3ca20f9ab5fe152f276bac36e853c0accbe72d1f8abfdb50,Active
93,9704340069517114,118,2026-03-01,2031-02-28,Debit,83d7e702188ce2743a9a46936c71ad1865b891dbe3b293c8e068355c0cca5fc8,Active
94,9704283806224012,121,2026-01-24,2031-01-23,Debit,2424b59857b45b441d525304eb33348d32c3906755fa21cbf1102171a6368492,Active
95,9704295960009970,122,2026-01-15,2031-01-14,ATM,8cd5ecb09170a2a86687771b3e18e5568b209aee42a36f9804adc78ade39ae37,Active
96,9704379311498280,123,2025-12-20,2030-12-19,Debit,d1bbbe18256ce75a1407cd462fbdac429b5e0fcb95e79b0aa68d6a7f64d3503d,Active
97,9704779938239095,124,2026-03-20,2031-03-19,Debit,82269bd4cab9ea55320ea661bad7b71df8231d4df0141d9fe7b6a3ab637d1014,Expired
98,9704614034899798,128,2026-02-01,2031-01-31,ATM,544851e046bc6e4695ef563e5ead60fde6f55be2ce8ad8723b56c33c399ccd8e,Expired
99,9704845587240102,130,2026-01-11,2031-01-10,Debit,6bab68a4be2049bcadf5c8bcd04f447c946dbd69109e1bf779f2e9e4bef214a4,Active
100,9704359913220787,132,2026-01-08,2031-01-07,Debit,174c6ca64907770ab98c416327cf43c9cc521eea3fc6389becd3a5f6a458aa2d,Expired
101,9704742733519622,133,2025-08-19,2030-08-18,Debit,67d7b8229a81df632f92e0a1a261c029b8599eb4c1727b01f9f5346f2b615855,Active
102,9704750128433528,134,2026-02-13,2031-02-12,Debit,1db1d475f02400a6635152bce932118feef27dd29ab1a80578bc59e34b5cec05,Active
103,9704540427301008,135,2025-12-16,2030-12-15,ATM,090db3fbf077d5865df732c6cc63999d0b558491f1dc6ca94c434649ac285c5a,Active
104,9704072070694821,136,2025-07-14,2030-07-13,ATM,e01e1abf99f83fec75a1527067856db65c3a64bb2fae2f7879f093afee9122f4,Active
105,9704061486900292,137,2026-02-22,2031-02-21,ATM,c88fa40ccbfc2b65eb013b4c0f7e9b71c00eea40e4fa30ea27aa3e523c3c961c,Active
106,9704754647163979,138,2026-03-18,2031-03-17,Debit,8118418ed77b9a76e1563b4787aec19459a945a5ac69a295bf6e1554de5ad6fd,Active
107,9704686833012425,139,2026-03-31,2031-03-30,Debit,faea270e470abbd184756d1e4e23ba93b1daa3975bd603436f67dc7352c7c4cb,Active
108,9704501477491061,141,2026-03-07,2031-03-06,ATM,88343168dc7abb9f846b917614df4ffc5a39a5534b7dd74cbf626982726ce1f3,Expired
109,9704685924113244,142,2026-01-23,2031-01-22,Debit,d1af713ab22ef0b1864a10bda5b4e0d22da428942a452f4887dd810c047d8a53,Blocked
110,9704567338506627,143,2026-01-18,2031-01-17,Debit,e458e548f647949b0f8dc84613c9de566b0dbbf7943c5e6a8cb320df6a339b77,Active
111,9704183096758260,144,2025-10-30,2030-10-29,ATM,efd32b5b12ea17e41074d6605f148c462371a57c41e65963c496e275e3fe655e,Active
112,9704615996990014,145,2026-02-15,2031-02-14,ATM,a0cad734b2228f0eef10e15bed8b71e6b7177c4f797ec35fbbe3076876a23ce5,Active
113,9704401098527227,146,2024-09-02,2029-09-01,Debit,481a7b78db64e6c1e42a31f64a8e55e8dcf1b7ed85286836e1d1f2995f2e3189,Active
114,9704520031480080,148,2026-01-20,2031-01-19,Debit,3c0a579358fce308757e3fe44b377f37f7a70944fd034f45e2345f8db0c66961,Active
115,9704777964728633,149,2026-02-28,2031-02-27,Debit,39ad587492b1bab89b4d1d5f11114dfedd0602ea54ce2c960462e6650897247e,Active
116,9704179471587814,150,2026-03-29,2031-03-28,ATM,732edc3f783f9960679beb8485f6a11c9b9e4f8b42265021f6713fd0a3729683,Active
117,9704993023553239,153,2024-12-19,2029-12-18,Debit,d1dd2786edca8581f8dae5ebe23b8ea4b3aeab784e042e3bdb786a10f73737d5,Active
118,9704702278327400,155,2025-09-19,2030-09-18,Debit,b8ab319a7c8493cafb11fbf0e254c67d36dff4999ff60172ad0415547c038ded,Active
119,9704438749747243,156,2026-03-02,2031-03-01,Debit,8b6ff294accd9b7ab31d0be5a4c2068b93e03243f0c2ecd66eee7d45a38a90ea,Active
120,9704853410537359,159,2025-10-07,2030-10-06,ATM,bf257909568f85d328023b40e6f5086de4bba4c666543b6a7f69ef9e25b02545,Active
121,9704944148619879,160,2026-03-08,2031-03-07,Debit,0fe8b8bc7258fb83522b0f6eccf65c0df539dec013bbd15108744cd25d20abfe,Active
122,9704631845408675,162,2026-02-08,2031-02-07,ATM,6339f36fa32254be10e18869c46a17000dd2e7deae8bb5a4ce7f047131494e65,Active
123,9704677230587457,163,2025-12-26,2030-12-25,ATM,07daccc08448aa308bb3ae0c229719b996d8179eb2614fa288a9259ac65b586f,Active
124,9704736740454731,164,2026-02-09,2031-02-08,Debit,56945edee245a702537402f78f3c520c9f33902aa0c598ec73af95251255059c,Active
125,9704284871717164,166,2026-03-29,2031-03-28,Debit,ebbfb39fbd9e0e76611e9cc319413431d201cee0ba1cfa930eee76246c2dcef7,Active
126,9704414402651255,170,2026-01-23,2031-01-22,Debit,d108b391647099ac7fef4f3258603cd103aaf68a375b16badca57d6927260af4,Active
127,9704890581879970,171,2026-01-31,2031-01-30,ATM,23cc3270ed43be5eac61fa33461dfebb8920f6586191b91468588556dd6ed70c,Active
128,9704805848798094,172,2026-03-24,2031-03-23,Debit,c1c58dadce7a27dce0efc5b91ce7f29f9c767fa3c5b7d5788d05ac93bff10f50,Blocked
129,9704211819321812,173,2025-12-24,2030-12-23,ATM,37bc9be36659489b68069ec0423e324cb9f4c679d1a61331170323af3731bf1c,Active
130,9704025773086693,174,2026-03-10,2031-03-09,Debit,3aedfcf8df3a33f5eae841efb05be42b267afc0491dbb1564c8881f0d0c9f231,Active
131,9704794508133095,175,2026-03-25,2031-03-24,ATM,19111fc9c708d4a884a998bbc607b691e5c9e818dfa48a4bdc20c883da586c4b,Active
132,9704331853952750,177,2026-02-22,2031-02-21,Debit,9b8a47fac4cb4259e0a24e376afab8f51185efea6ee812952f9215181646de40,Active
133,9704844348156958,178,2026-03-07,2031-03-06,Debit,e094ce598d869646982b1f938663b7f996784ca3de1c8010f3c5512cf3cf5d03,Active
134,9704979820250283,179,2025-01-18,2030-01-17,Debit,4fa00dc8ca1ecb15356473c1e505ca35c988252b70fd0586aca628a4d6c96c23,Active
135,9704201363806792,180,2025-12-12,2030-12-11,Debit,91fd3e4c9ea5f85e2b7c0bd243b6bc7b2a90c0e726d8427b7f1010ddf1df20d6,Active
136,9704882767282295,181,2025-11-04,2030-11-03,Debit,8b96f4eaf38746dfe1e16b647d8ab8e4e9db6c8a1ffafe4d4d5daf86002af7b0,Active
137,9704579219221543,182,2025-11-19,2030-11-18,ATM,79cc282c1cee4daad9a2ba593ce7e1634acf534d9d3b83d7c564390121a11916,Active
138,9704912414331935,184,2026-03-31,2031-03-30,ATM,659c3dba5ffd2d3079d70c15a5a6df054c34400dca74f3a67387eb186e54fbe4,Active
139,9704390130242498,185,2026-03-20,2031-03-19,ATM,6871a18be58712ba2dd36d5561f2baa1cc23b7d7f489a769d1d58b3150998a12,Active
140,9704633810618205,186,2026-03-27,2031-03-26,ATM,ac2e5e62b6a688827fc5db59042b261cd1a86b86009d1c7df6e003af83b85d29,Active
141,9704170683327151,187,2025-08-01,2030-07-31,Debit,a9a7b18a6ad5365b2e65fe659b9279e8b5b7d9f627233de0e292a50ec1cd03af,Active
142,9704494149378105,188,2026-03-06,2031-03-05,ATM,b41856a17831c5cb407d94dde94a24d09100adeab6a205e53e0c523146f2811b,Active
143,9704975793544681,189,2026-02-27,2031-02-26,Debit,7f6f6da587edbb49a3f72475fa4a3a9d59f65dbed09117d3e2471d6816408592,Blocked
144,9704408914524056,191,2026-02-09,2031-02-08,ATM,0c0b30cd5e67e0300a80636ba309af5f3305ace1e71d94e1c25d666e135aa9f0,Active
145,9704717674417246,192,2026-03-04,2031-03-03,Debit,1c3deb336a3f05d564628592ac4589b16a2984ff6c41cd59df192842f7c939aa,Active
146,9704705111375379,195,2025-09-23,2030-09-22,ATM,6e33bd4193c84ec26963d8619b81176b55ef1a99da1e9b2a42937ab29fa26b46,Active
147,9704517860972225,197,2026-02-12,2031-02-11,Debit,cfce2c4ec36058f7dfac20db265a620b0aac2b4aee20c4af57b6d0d7cab01d84,Active
148,9704384132838931,198,2026-03-02,2031-03-01,Debit,d54c4d081f79d541e59223665381567995831f33511b1405f4ffa304160ef0f3,Active
149,9704020702326124,199,2026-03-25,2031-03-24,Debit,2ff1d5ed3da3154b128ade4ad803130dcecb1c5c961cbb581afc4813f66213fc,Expired
150,9704640546321648,200,2026-03-27,2031-03-26,ATM,7184dc580c2c5570774f742b89a5c5f2fdf2d9d91de7a911cf0e49fc1f563a1e,Expired
151,9704773034144412,203,2026-03-14,2031-03-13,Debit,03581f4765983d5134126a0c8d73de6877e05672a2303f188ede7f0ce05ecf26,Active
152,9704167279297328,205,2026-03-24,2031-03-23,Debit,d3dde3ec63b25ec9dad57e33590de8673de9619b8c92f818c913788b7892f4fa,Expired
153,9704463398746761,206,2026-03-14,2031-03-13,Debit,964da3fa3eb685768943ca59779636a419efa85aaa3c175981b75efe8ba3a0c1,Active
154,9704354984612182,209,2026-03-13,2031-03-12,Debit,1ecbc433e84adefe87b204d1a7ddf5a8e512a4718520a0588b0e48deb15f5101,Active
155,9704042377532591,210,2026-01-18,2031-01-17,ATM,8088af63227a271b47f236971d4e1f4c0b7b91b7e8872f5956cd6ee8ca09459d,Active
156,9704374524147009,211,2026-01-20,2031-01-19,ATM,05a1fa97fb2450ab974bf9df23b57549418dd355419d9ec1faf1791c9c70aec6,Active
157,9704491323507525,213,2026-02-13,2031-02-12,ATM,e28dd1f90330b47e273bf628966477d8a8c543a16fa78751e12a1eef5cae2a28,Active
158,9704867249524335,214,2026-03-03,2031-03-02,ATM,46e566273969965fe8bc2d96f33424458e8c0e717bed6cd566ba3abd98a7fd9a,Active
159,9704244632589068,216,2026-02-25,2031-02-24,Debit,3d82fd812f4e61427e7132ff837cfb61121d0f95a88c50eeba4d0e79afb23cf1,Active
160,9704049180536683,219,2026-03-30,2031-03-29,ATM,53d07b7d03615740073fbc3bd73e8b6f601dbe9f14359cc669093bf918b9e685,Expired
161,9704808222452366,220,2026-03-24,2031-03-23,Debit,3ae518a063e793673b07460ea05a62fb1fb902d24b819f74163fad315c8e95f9,Active
162,9704819114896767,221,2026-01-05,2031-01-04,ATM,3ffd8980f603509af5058500c05a15469b11e716cf0cfd7d92336096c6c8c521,Active
163,9704276804243866,222,2025-10-19,2030-10-18,ATM,b7be28f8d7105376b88103e2b3fff9002aeb17f70e58c6e68458f439be408e69,Expired
164,9704768865114284,223,2026-03-23,2031-03-22,Debit,18906364453363c9f67258ca4e05e480c0ff05180ba617a2740d59c55c7db066,Active
165,9704031007598018,224,2026-03-30,2031-03-29,Debit,f4baccdbfbbbf2d77edf90cad46004ee5e2af0125dc454ac3b57a2db12005ffa,Active
166,9704098945438284,225,2026-03-03,2031-03-02,ATM,d8169d814071c384ff90360757bc6c102fa3ce781159b189d5ac9436850b415a,Active
167,9704615126592862,227,2026-01-09,2031-01-08,ATM,6d3a6ef8ee1fe12e0cf45f40512308cef0b53077c77eefb12622655c6f7d43a5,Active
168,9704135949503513,229,2024-11-20,2029-11-19,Debit,460bdb30c4acd58810ddaa159ed6b5283ea8a4dc6a6deb002d89aad43b997889,Expired
169,9704972786768071,230,2026-01-11,2031-01-10,ATM,de8a58a62ba90fa3c3eb3ac7296bcd4470ed9e3c349801adf36fe3483a69a7a6,Active
170,9704922185879162,232,2026-02-28,2031-02-27,Debit,2b6247bb9ea939e66c94127aed75d07d7e28b446debc30495a4ee9dd7a32b75c,Expired
171,9704314049942400,233,2026-03-04,2031-03-03,Debit,8151b2a41b5145d63cb899abd526c23b1fd1e89f887f8ca794b4eb45b93378cd,Active
172,9704456418225708,237,2026-01-09,2031-01-08,ATM,ad2b1223bbb850537424575edfead587e3730b472af2f409b602cda5c85fec27,Active
173,9704991660409678,238,2026-03-25,2031-03-24,ATM,1fbf6ff9815bcb003ff99c2e8fcd5e573edfb62362996bd663519e7b932f3632,Blocked
174,9704415582107191,239,2026-03-08,2031-03-07,ATM,cf27c5f7ae832e25116f8bfd5e1a72098cc1fea3c03adda7201321070af99af3,Active
175,9704561296880078,240,2025-11-22,2030-11-21,Debit,00ebbe9381b79035ecdaf115ce6a74520dd0551854e9affa8ca176b994846002,Active
176,9704255912305248,241,2026-01-24,2031-01-23,Debit,ba3913f03d82a7bc061797d87c4daf8ad4101b2103ebd587f5f0864693f1533f,Active
177,9704092317603645,242,2026-02-08,2031-02-07,Debit,3bb2d3f485e2d316205ef1c6f08664c5019977998ee0d6b89b9ffb84a2b60b6c,Active
178,9704988285137445,247,2025-11-19,2030-11-18,ATM,00c1d85e8462ec0aee20c9f586f73c54fb25336fa1ff664d85819b60c02f187f,Expired
179,9704992044794515,249,2026-03-24,2031-03-23,ATM,012bf2fc0894f275f3e7b9b51591345ac7cf566fa7d95322743ef40d6115c3e0,Expired
180,9704102631460404,251,2025-12-22,2030-12-21,ATM,3a26bff3f825fd0cae306fd7dfdd71de03c41631b322cc7db249c28f92e7eeeb,Active
181,9704996196952778,253,2026-02-19,2031-02-18,ATM,b5218da9e15abc2e5382e0a121376df97ca962f311473d6c523d7dcfa98d5490,Active
182,9704419432509888,255,2025-12-21,2030-12-20,Debit,6e14aaa5fec5bbdc200fc503c6f33d3f28fd4fb67b6324e9f450598217de9081,Active
183,9704951100026643,256,2026-02-22,2031-02-21,Debit,62db10245f7d86bd96aa7bc15dc9bb840ef6fccbfc2530639c5813242fec7562,Expired
184,9704688752128416,257,2026-03-06,2031-03-05,ATM,02f59d64b84d5ce4043fab5829a0fb41222c0e9d8303bc49165fe34561bcdcad,Active
185,9704436276620671,258,2026-03-31,2031-03-30,Debit,338778eff31ec0f37d67a9eff56477905e07c14b9d5251827fa45bd63bc45350,Active
186,9704949195619985,260,2026-03-11,2031-03-10,Debit,1f40434af3a4897ef922e8aa00b21c8bc82222832ea9fd9e9b8196d752e4693a,Active
187,9704806294415591,262,2025-10-07,2030-10-06,ATM,e8ff57e96971d3ef99d3de12bf67c5e306a9c341afc86677eca65dc479047f2a,Active
188,9704732739646800,263,2025-05-24,2030-05-23,ATM,9c91cab9bad6e6ee5ac7760a32cb42f39662cadee4e857fe516687f35aa5eb94,Active
189,9704490477106875,264,2025-09-27,2030-09-26,Debit,835980571e77855dad16fe846fdc2c8bab7ec99ba2e44c28b69936ab4f8649a0,Active
190,9704202129245024,265,2024-08-19,2029-08-18,ATM,7f8e6d1de9358b2d5e82e7728a73a1425ac87dc3c410754d70e4d353407de991,Active
191,9704730908407040,266,2025-12-16,2030-12-15,ATM,a8c21861b43f3d333bcf0ad8ec25a0b78dd95d48199c7ce7cd446a5f95aff300,Active
192,9704850312607535,267,2025-05-28,2030-05-27,Debit,4e91df0ee064a660370ac2455843dea97abafaba917f49d32bc5e4817c8e5192,Active
193,9704428336136802,269,2026-03-31,2031-03-30,Debit,aa3d60afc41a9ae6b9b03f7280afb99483228850582140e2fb347675c3f35a80,Blocked
194,9704812076751802,271,2026-03-27,2031-03-26,ATM,c5567937672e486c2441a7747890ff0b0af1af392539611a946afe30d515d9fd,Active
195,9704723856297650,272,2026-03-30,2031-03-29,ATM,78587f4c8ab59025a408de39a8ad8fc07707e6f12a74476a7be8d433a9c2ae5f,Active
196,9704092468734296,273,2026-03-10,2031-03-09,ATM,0388101a0a8dc401e1af3be35eda6c86cd4cc190808211de3f7c0b77b69f5d03,Active
197,9704978459590197,275,2026-02-23,2031-02-22,Debit,1dbd58634dfe8aa9a5fa52d32db24df4b992fb841f955d397d093ae6b22eb237,Active
198,9704801813132301,277,2025-08-18,2030-08-17,ATM,9500db40549226bd698971c50fc2892718a2c12f12479c415b4fed944ea3899d,Active
199,9704542469136404,278,2025-04-26,2030-04-25,ATM,e092c41e9ff40d55404a0223b6084d5ee3e9ce096a2a9b89ccaf872b23c1062f,Active
200,9704790587980727,279,2025-10-15,2030-10-14,ATM,33831af168636f45f2be8430972c25a2099f6fd7cf062d349c6fdef6a2514d71,Active
201,9704843481373020,280,2025-07-16,2030-07-15,ATM,048f9171040f6896b4e3b95ba698d3a6c0ef9b4b704890ef88249c80385e5244,Active
202,9704145423438303,281,2024-07-19,2029-07-18,ATM,e529d411d00f3ad2bd8c81c7604c45ac98879d7e423260be7d1f568b10d720ef,Active
203,9704780620518559,282,2025-10-17,2030-10-16,Debit,98a46ed6c86e540bfc75ce8499f7eb97defbf62e329c57efb7f53de551bd1b3c,Active
204,9704116367434521,283,2026-02-12,2031-02-11,Debit,f726e4fdb07a6de9e30513f5e220a6a8d541f971fed3c1070198627cee5b7903,Expired
205,9704741938423895,284,2026-03-28,2031-03-27,Debit,1fc8f77f81132300541a69b1dcd21644f50f9cd871f5b050d54fbec5d549a418,Active
206,9704922351057533,285,2026-03-22,2031-03-21,Debit,92606b2c06e0959cd768d417aa3e0fbfdd4b06c4a9b16e8d0e9bceca94a81765,Active
207,9704348561443409,287,2025-03-08,2030-03-07,ATM,4e8d23a9e357b029db1cea96a5b3c972bddfc7b1abd6e5ec5f2ee9706c418a78,Active
208,9704344281490170,288,2025-09-14,2030-09-13,ATM,5c10bf0e5b43c1c3a83c8993d38e36cf4a25f435de8434aabf6b1f2d36c0dd80,Active
209,9704602794830553,289,2025-12-09,2030-12-08,Debit,82dabe40b0c6b57566659e3da51cafda1be18b3e9a0e1d819a3830af26f43f9c,Active
210,9704535032726399,290,2026-03-16,2031-03-15,Debit,29d7424d75878d840f4d968753ed732fcc1c3b0247f215182ae5fb3781bfde20,Active
211,9704906553998423,292,2025-12-31,2030-12-30,Debit,95f83737f9d0bffe34d588c1635ae8bbc673c2346ada0e9fc753b50611504bee,Active
212,9704746539347996,293,2026-03-24,2031-03-23,ATM,2722ba8759cfa5746b3dbb62983c50a2c1648533843c3d2b71a1ac228412c020,Active
213,9704206516421866,296,2026-03-02,2031-03-01,ATM,569d3c86f5df5f15c27b19baa4f23dcaf3d155364e8b4ffe81e763fa6a3d7345,Active
214,9704582089378984,297,2026-01-27,2031-01-26,Debit,cd4d2d9282e7054d4390399cca3b26912a85c12a23f7c006f054b6d255ff5648,Active
215,9704672531160060,298,2026-03-20,2031-03-19,ATM,442463cd794be4b4244afada1a9684f14a02e1197b134c9b4116a6a5e8a9e1dd,Active
216,9704121940516748,299,2026-01-15,2031-01-14,Debit,1d6239c239f37a9ee00dbf7a24c9416113bf1b73c9105f7b844e42e9854dec92,Active
217,9704139446629108,300,2025-02-06,2030-02-05,ATM,ef2112f60d94bf92b02967546be394dc5b0dae21df27518e8873577c7afb1bff,Expired
218,9704179711442085,301,2025-06-06,2030-06-05,Debit,b9569f19806d12abff5242fb1c5492368e0f8a323755fba07fbf900a0db0014c,Expired
219,9704708050306153,302,2026-01-24,2031-01-23,ATM,df96f6dd0d0b6da195d615ba82529322fa539a2ca3900240729c3823f3845adf,Active
220,9704714064731415,304,2026-03-26,2031-03-25,Debit,c5690cb746da2f6eb724edf16eca4bb1fdd5054a9abe43d8d430c9ebbec513e8,Active
221,9704007159679879,305,2025-06-14,2030-06-13,Debit,e7780ead1ff3fe80cff293c19603e8095957354b71fbad0856daf9bf58b092f7,Active
222,9704562525767878,306,2026-01-12,2031-01-11,Debit,5191e879c00ee20f2669ed2b6b40b9cc36e823ae10751093914f951c7576424f,Active
223,9704563385828742,308,2025-05-16,2030-05-15,Debit,7eeb0a326224a78a6723626c3d55123c2249b3cbe1e7b3fb56754b335b4c895c,Active
224,9704117595669329,310,2025-11-11,2030-11-10,Debit,27140aa16c21397caa551bfeb82df922c98669b983b6690b12003f7de8ea0e43,Active
225,9704147981155993,311,2025-12-04,2030-12-03,Debit,05b54f8d16d9104ff5179890c70b1b34e0ca218ee9a9dc9ac32aad31c702b556,Active
226,9704605519255435,312,2026-01-24,2031-01-23,ATM,9cdbfdf266664159a3b66b2c1111ac13a86be68da8a47750e7c002a7901909d3,Active
227,9704691753375582,313,2026-01-29,2031-01-28,Debit,b67e74502cb998af981ff1cbb6145a33688cc6e1b45465cf9fef409f1fcfd40f,Active
228,9704665716206913,314,2026-03-30,2031-03-29,Debit,2d4b7c2597f95a296afd941bdfa23f3516f7c9f941203bfe44eee97730ec4c62,Active
229,9704843103976424,315,2026-03-13,2031-03-12,ATM,7ca18b9f40e5a6084eca5a14728b64ecad6b6d3532a302c20b95a10957e4cba6,Active
230,9704391420345888,317,2025-10-31,2030-10-30,ATM,78f2bc7afadee78a023c6501a64c6c20046d624d13ad43e1c858de1784e1bf70,Active
231,9704321123056908,318,2026-03-29,2031-03-28,Debit,fe347d6546f74ebc16803c6ba24e3f8d463b42e8462538d9cc816755426d050e,Active
232,9704907888749406,319,2025-06-05,2030-06-04,ATM,ae5d7b73176f2e5093ad31a0db4508332da7b611088c41fe9cc0226c8be848a9,Active
233,9704417306506872,320,2026-01-30,2031-01-29,Debit,d397fc3a0fbd3c8d2051afd6db03469b7e78886ce2e35342e376bcdc9890c41c,Active
234,9704844885483122,321,2025-08-12,2030-08-11,ATM,ccaa6f60f4f5cb31632ac9794b4d285e25b2e6d55deb32a800651d446170f75a,Active
235,9704302736259546,322,2026-01-23,2031-01-22,Debit,eb5fbbb209b94f67cf837295986d1fdba8d17e46947dfae1fb1abf2615ebaae3,Active
236,9704387064162680,323,2026-03-30,2031-03-29,Debit,c637898b9827dd6027793216ca05f2533408683ed4cb68e2a5a1169065d095da,Expired
237,9704673280130076,324,2026-01-14,2031-01-13,ATM,4d139f407dfb719df99e9d802ec18cc2e79350b7fa11c8f0cff113864e6d296b,Active
238,9704691354295105,325,2025-10-03,2030-10-02,Debit,7804ec0690d2a52a1ee790642966bb1124ace0b3aa343cd75bd7a4906e8111fc,Active
239,9704535914271806,326,2026-03-31,2031-03-30,ATM,18a909a7b6b3de4bc2d7f2f9fac35acf2f6519dc7a55e78725dbd7355f92536c,Active
240,9704825091048299,328,2025-08-14,2030-08-13,Debit,ffe769eea20e693279a677cbea6c41d19888f60097df502b583afcc166f8a129,Active
241,9704452133336504,330,2025-02-24,2030-02-23,Debit,d01fa32803af4fc3f110cb3f9be0f2068db950d71d9f5689ef8bb1c5e3b2969e,Active
242,9704244559826508,331,2025-07-07,2030-07-06,ATM,caf05f74e716f727603fe4e4515d5969225eeb5a04583dac3a3acb6d1439cf23,Active
243,9704764658957074,332,2026-03-24,2031-03-23,ATM,aca69befd3069082c5f14cb22fa7505112d410f558a4f30b1a767e23a6ac1b22,Active
244,9704985604253040,333,2026-02-17,2031-02-16,ATM,7722e24f6ab4ada536f1306c126e73a81e44f9ed9b03db52eee29f875217bc40,Active
245,9704455542010402,336,2025-11-06,2030-11-05,ATM,08a13accce665b6ac9d94609aaccbe90b51b1fbb1f9d9cff7e5a3827cc2c9b3e,Active
246,9704630851575367,337,2025-12-19,2030-12-18,Debit,d5870fa772275f0e42440215432577abdc9d67e62cb4baed54f36f277a3ca49b,Active
247,9704047858052751,338,2026-03-16,2031-03-15,Debit,d1c904fb5a7ae0a58fe265ce22cd80b0a1b843ceb0bac1aa762f47aa74dabf22,Active
248,9704664070446878,340,2026-03-02,2031-03-01,Debit,268af80821c526a0a147662b26adc2f016293239fb37cbc6b32d245bcffbbcff,Active
249,9704847786813667,341,2025-03-29,2030-03-28,ATM,debde3fd262573949f1a8d7d4431b0684f0c359ba631ad7c4c106de0e2f53f4a,Active
250,9704656675720352,342,2025-01-01,2029-12-31,Debit,90f7074439165797d112a40b370b0cd858aa4c1e847229c2cb2c3e54db292c5e,Active
251,9704967799781543,343,2025-11-29,2030-11-28,ATM,5899bbf0d1660a099fad1bfa7965c9ed977f6df93f1fa8e0a892e2283b6520a1,Active
252,9704548658163724,345,2024-11-28,2029-11-27,ATM,d36765b19245e75fa02a65a35962894c8f9f9d4ad5792cd9379760236200d73f,Active
253,9704072774204964,347,2025-05-06,2030-05-05,ATM,955ffb470eec1cffc6bad5d1f7967d0954ed813f50795ee2e5dfdb01cd1fbfd7,Active
254,9704393719662597,348,2026-02-27,2031-02-26,Debit,84052aa940507ea6c85d4f45962896600de5028bc919a192a7147da3c0c1462c,Active
255,9704337318233935,349,2026-02-18,2031-02-17,ATM,1487b03f1035a4222ab92b998806d5583809f55c57c6e0998de44a89540f89d9,Active
256,9704042234211755,350,2026-03-29,2031-03-28,Debit,5f29fdcbb7adae920b796403abae6fb048952588088006d47e729cb4d9374478,Expired
257,9704443980645698,351,2026-01-11,2031-01-10,Debit,c60888b552d31f7e35113aeb36f1d6d9e1b4cc1b64c6a6ebf51e6a0379f4f548,Active
258,9704605824409571,355,2025-12-20,2030-12-19,ATM,410f945581664bbfe1056711a13cda9f2b56df5d1904931043990fcf220ddd05,Active
259,9704970196975638,356,2026-03-03,2031-03-02,Debit,da682a059b0c6534ccd9b253c0aa4042567aae65176d6904e09619fed2b8c06d,Active
260,9704417949097928,358,2025-09-05,2030-09-04,Debit,7b1ea1304198b1334deb320b04f060d4318127051beebb084627b6dbe16801aa,Active
261,9704626509795846,360,2025-12-21,2030-12-20,Debit,1c243ccb6452eee27d894342139128769472ad034b2ca6fdb043a645ebf408c3,Active
262,9704138126273489,362,2026-02-24,2031-02-23,ATM,1973bb6b0643b7a6cfbc38c1bbda2fa0f4628f68b87920216a54cee4a5184d4b,Blocked
263,9704813412573936,363,2025-12-18,2030-12-17,ATM,ee065aba92ad26546e30a471fb29491a8d6b660cf3f726a79f8e1c3bfebbddf7,Active
264,9704638820287839,365,2025-06-19,2030-06-18,ATM,820f62dabb2fd6f2f4d247a9be1678472a12e7fd5b853d4a5ddc248d6e883808,Active
265,9704925419204222,370,2026-03-05,2031-03-04,ATM,8cd2ac24a4134c3f4bf593e174599f22e82c85d924ed43b976709c282eaba060,Active
266,9704628102745530,372,2025-04-20,2030-04-19,Debit,9a9e794c79846b64ae10412b5ff27c51266f7f20abac98758a4a6b151aec330d,Active
267,9704244016850759,373,2026-03-19,2031-03-18,Debit,17dd943ceb8bcb8faa313f0c7928b6a3d26d8b9360dde8a667a474c72f7165fd,Active
268,9704002446907040,374,2025-12-27,2030-12-26,ATM,7528b27fa02aaceb156aef4244bcc367a266569d772a50908ec5ec800cd5ed46,Active
269,9704178458145197,375,2025-11-20,2030-11-19,ATM,7d40558432b29afbc43f496d040c1ad36ca61b25b6d79b10743fa8d2f49c4fdc,Expired
270,9704140115896366,376,2026-03-23,2031-03-22,Debit,3766bbb9ef822106a82ff711b619642d503656a9aa23f5063af6fe136e07a8c1,Active
271,9704040327509482,378,2025-12-15,2030-12-14,Debit,3f8fbb66c669109f9b660cdb4be181ee829ae1727c1a28d6da8082fc186cd697,Active
272,9704929160360660,380,2025-03-30,2030-03-29,Debit,a3d8754a9169cf4dfa7e395a5e21eda1c4af43868691609f3a73900d45598e7a,Active
273,9704321211397172,381,2026-03-25,2031-03-24,ATM,c9366b416070c7474d168b859040291c741ccdc49690f3fa2cc674d6f73c6d85,Active
274,9704352864025427,382,2025-06-01,2030-05-31,ATM,a262d7e63e8d06cfc47b49af25b696ff6f74e1b598650ecb95182f3d91bcd2a3,Active
275,9704682656142473,384,2025-11-13,2030-11-12,Debit,2edfb17e243a4a4de1c9fbd22282516535edc67a4485c30239b5c1a7326cbe04,Expired
276,9704382731785643,386,2026-03-11,2031-03-10,ATM,c8e6b9a4514f45437054f1337731f7c2b8582befdae46f009eb226594a4b4ba5,Active
277,9704861879937635,388,2025-10-24,2030-10-23,ATM,4697a1073727a32af4cd681d7c6cbd0bba5c94b92c74ea20d135d19625d69633,Active
278,9704532287945230,389,2026-03-31,2031-03-30,ATM,d3d670231b8370581820f16a55db52327f75e986e7ede854121099b7f2cedccd,Blocked
279,9704975229255460,391,2026-03-08,2031-03-07,Debit,11c4a9cda63e16190b2f22ddeea1a252bdf6dc12639ead0e965d58be703bd6b2,Active
280,9704552685643290,392,2025-07-15,2030-07-14,ATM,50e65b01c9ae833de6e84cc4b5235e7ce41e4daf3a085ce1d06221ebc4a5b8ef,Blocked
281,9704602421067792,393,2025-11-30,2030-11-29,ATM,a29b3d6ce46c7f43c6188bac892ca6e19823e8dab8713ad4b4b17fb8f4a6234f,Active
282,9704322112752733,396,2026-03-10,2031-03-09,ATM,a489d63f3f3ab67cf86ac82bca9ea6767654977ceb6ba5c585ebf625e9d2e157,Active
283,9704827285475863,399,2025-10-31,2030-10-30,Debit,b72ef9c1d8df94abf16f34ff075d2f19376fce3553a418aabeea75067d76476e,Active
284,9704806149750490,400,2026-03-17,2031-03-16,Debit,12401ad48e0754b37e06d313a5a92b16b2bf969bc845a40b8ebc2398b63d2f2d,Active
285,9704091370475257,401,2025-06-30,2030-06-29,Debit,211d62ddffc7dcf412df658333dda817ae855eb11b64aed3880a4e539ee57842,Active
286,9704294489272856,402,2026-03-22,2031-03-21,Debit,4defc2382a289c8896fd9c72f7676739fb653eccb4d40c525a9193d6d76b18fd,Active
287,9704099049576008,405,2025-01-06,2030-01-05,Debit,553a675bd30dd017bc9a730873eb31b3d998ef7682fa21223f007a573537c84a,Blocked
288,9704588945098621,406,2026-03-31,2031-03-30,Debit,fabee337a22360c2daf2716a830e9c9e5924f48920fd49518326551b6f0a0593,Active
289,9704892146564952,409,2025-09-23,2030-09-22,ATM,f27bbe096eea0a1eafd82b8fc722fefcde098e4bbcbfec5d483719b0219d3a13,Active
290,9704070421753801,410,2026-03-19,2031-03-18,ATM,67ed34549036aa4482d778766e83067ef17099bd4319820650f5ff5e14a68e70,Active
291,9704562184639909,411,2026-03-23,2031-03-22,Debit,0604a1d7a66dd607b636741d5501c80e2f4841fb07b8efa338c4c8a81a23f48f,Expired
292,9704338105906396,412,2026-03-22,2031-03-21,ATM,0f8940849f3a1228c3606f1aa8a3546e3086938b20431f67718f483e384f32dc,Active
293,9704161207033469,413,2025-11-01,2030-10-31,Debit,294cb69d3581fa40e038b70807e45fd119d0a838eca995a40f773869fc123790,Active
294,9704839167806270,414,2026-03-30,2031-03-29,ATM,1c6d4aaf5ccd6c6ed75fa70ce34500d7e54e6b7693f521390310e4f057485e2d,Active
295,9704259465959019,415,2026-03-21,2031-03-20,ATM,cfa2182e4f88bc21b1a3cff5ed03bd7a218be2bfb1fc666eb9094be27ba2884f,Active
296,9704923588160147,416,2026-03-26,2031-03-25,ATM,988eab9cfadbe941f29266dd794b979b2db69c39681be4d51d6df5570efc9bf8,Active
297,9704846086280859,417,2026-02-03,2031-02-02,ATM,6b3a02bff29fb5ec714304c277094d7a7018c73bcbf607e7e6e70fbc173696b8,Blocked
298,9704488068456981,418,2025-11-14,2030-11-13,Debit,4e6fccf044dba00b136c542976165146fc0b029228789b715de1966c3e29cb09,Active
299,9704151371251525,419,2025-06-24,2030-06-23,ATM,5cdd75e53fbf3e6c765233b9982c7a189418752048061fdc0b66680ba319dc93,Active
300,9704365020726137,420,2025-05-22,2030-05-21,Debit,9679f6c34d9cef75ba09eecf6852d0005006dd51e937ff9943401add65de749c,Expired
301,9704893374175187,421,2025-04-01,2030-03-31,ATM,50f98612258f4907c25564c7d78227a643aa00bef6aca19162d525fa45433c55,Active
302,9704950750900812,422,2026-01-23,2031-01-22,ATM,34ab9607d71fa063f01a2569e4533efe86a225f4644fdc6632592f6d69bfa6a6,Active
303,9704817706257281,423,2025-10-30,2030-10-29,Debit,cb29c6496348f4e36a23eb6b2297387c9c794cf78570e2be9e81751fb535036c,Active
304,9704923749696257,424,2026-03-22,2031-03-21,Debit,893253b5da92f9b2ede45cb57ec7a165f25bea3889f55588bd2992f58989c82e,Active
305,9704292750859975,426,2026-03-12,2031-03-11,ATM,48a24cf94f8c6d33673ec7b016708e44843ba208a0f2bae6e406a1484b50e668,Active
306,9704180495028584,427,2025-12-01,2030-11-30,ATM,0f778a824285e6d92b69b7f3462edce322a866e641c2d6b7467f97bfc0e206d7,Active
307,9704424240314945,428,2025-10-14,2030-10-13,ATM,291abbd0376342b56cac4ac16f7b616294f13d66159e773a1de5686632281515,Active
308,9704365176163248,429,2026-02-14,2031-02-13,Debit,40e0e2ce48a447994e072ce34d23ae28a3256aaa75e4db218318a117a553f326,Active
309,9704621225724113,431,2026-01-24,2031-01-23,Debit,fdca75dff20f00c92363f26cfd4f3cba7864f00bd0ebbd4564314969c87fd6db,Expired
310,9704334850148023,432,2025-12-03,2030-12-02,Debit,6031dd0fcda2c685dd3c73361dd6db84211c5442bca33128a268d85d3d35b752,Active
311,9704635398358522,434,2025-05-23,2030-05-22,Debit,245dd1db9226eabfdb2c4eecac1b6bc8ac20f4000b26b8054c9ac20c1a31fa5b,Active
312,9704601496800491,435,2026-02-12,2031-02-11,Debit,a739a08392bb0a01d02d78e350f623262215e8823cf9049ca53d57ef3fb1c1ee,Active
313,9704832883987912,436,2026-01-12,2031-01-11,Debit,2eaf5e76a50a16f7042925734df548f9dd86a355fd9dad8487b1a1b740531028,Active
314,9704931005122326,437,2026-03-12,2031-03-11,Debit,2813380b5455c6639108ac20d044adedd328d7e8cb90b495c17e3746a483a3ba,Active
315,9704076431376707,438,2025-12-02,2030-12-01,ATM,7bb3782615bc1802ec001d0b3ea088861e13c3d7f29612df08c227f694482357,Expired
316,9704498107382703,439,2026-03-13,2031-03-12,ATM,7dff423d3c520e1f4750c18119dee3f460d3a9ff20ed5b231f6e79edb589784d,Active
317,9704278471271699,442,2024-12-26,2029-12-25,ATM,32249bd7a8240cf4914065b364ff1e23d0330e256d7ef1eee08b31abd30ffd2d,Expired
318,9704733667005586,444,2026-01-07,2031-01-06,ATM,39a4c87bcb8816b326ecd239f0391acb555686ebfb34f733ae134b2e83d88c8e,Active
319,9704761263664386,445,2025-06-09,2030-06-08,Debit,57cf862822534011ac0aac7e0924e3ff7ef8df37fa2b704c0eb9584ec3866554,Active
320,9704613183676324,446,2025-07-23,2030-07-22,Debit,5134c3137f7ad52f02c4a86617c8f3b2ef293fe9a7d6cd0175718db263a9fc68,Active
321,9704109287275687,447,2025-10-03,2030-10-02,Debit,1f95826655a9a66604cc1b95782fa47e39a421f35a734fc2b01d982eb53781c0,Active
322,9704568329752458,448,2026-03-01,2031-02-28,ATM,6b40e4706a1b8a259c16e23a45f0f1758e47cfee4955c7308278acc9438adfca,Active
323,9704891076033731,449,2026-02-22,2031-02-21,ATM,9f3f97301bca7920ec4950d48837d3102add4c37b9ab0bf30eefab0edb3a581f,Blocked
324,9704112928293393,452,2026-03-09,2031-03-08,ATM,7d2f53c15003d6219788337d436fc89911eb17dcf51d45c2198f11502d022c0d,Expired
325,9704551282313639,453,2026-03-23,2031-03-22,Debit,a9ce9061092a498f9027d136d274e9be4c462851aa7101cf4d4b6bcb9dd085ff,Expired
326,9704531804144452,454,2025-07-10,2030-07-09,ATM,4d2a955c3a3e059b17beda39af9e458c22e7eade85b2e6f2275e645a3a8f5d5b,Active
327,9704728805386917,455,2026-02-11,2031-02-10,ATM,9d89fd649d2bee702ab25a85eec6165d03da3ddc5ca46de35db82bc114d0792a,Blocked
328,9704967099748382,456,2026-03-23,2031-03-22,Debit,973a5b38fdd07e9a9ec75a8edb4e41b3794c0a572f1643a894505fd218f26af8,Active
329,9704612589971686,457,2026-03-27,2031-03-26,ATM,3ad116efc22ae904cc9d0c8d6c2d178899a35a3a4ac58d3a3e83159ff8a46e58,Active
330,9704474342189521,458,2026-03-15,2031-03-14,Debit,3ba9ae5beaf92646944c48fec1e93bc75d5832f56e7d678ee4b20c7f2b501c18,Blocked
331,9704875523295274,460,2026-02-25,2031-02-24,ATM,ac77284f6c743804cb3572ff9d6532145acd949ea65f593c5d7ae220fd5d418f,Active
332,9704596647020366,462,2026-02-04,2031-02-03,ATM,0c6e12841c8b6c764200e48a5c4738c8bed620fab0ba914462063be782fc8bfd,Blocked
333,9704534581123899,464,2026-01-12,2031-01-11,ATM,910c159d25a2a1b4667c6474805c00ff369df06a13cecbd07c1b8ebe09fdb385,Active
334,9704082138786509,465,2025-06-30,2030-06-29,Debit,60af8ab70f1117a90ae6d1be32934bed50e4ca80e855c34f5c7b124b1fb3f005,Active
335,9704220483681615,466,2026-02-09,2031-02-08,Debit,319b0cf4ae85349c0d8a638f50d76da7ead910eba938255ddb8e235217884de0,Active
336,9704516095321842,468,2026-03-14,2031-03-13,Debit,e607f4c5f67da3a555ad769e79de65b0ba69fafbad2863d85c7fdbb035c60077,Expired
337,9704876466627415,469,2026-02-05,2031-02-04,ATM,2ef7323c2d9d1929e7c3b692403384236d3053403a9550fa9660296a6388a91f,Active
338,9704583375610878,473,2026-03-31,2031-03-30,ATM,1d8aeec30c9997e96be51d3814dbbdc58c03be28133455c79592bf97655e9c38,Expired
339,9704135544133226,474,2026-03-31,2031-03-30,Debit,574aa3ba9738c03614bd178c5cb519688d2341a1d3de9ac7db02fe3d0769f6cf,Active
340,9704097306524562,475,2026-01-14,2031-01-13,Debit,df34d7474e24cf8500a40772da839e7a0d5b84b8e08c518e7be47145875cba1b,Active
341,9704944358236871,477,2025-09-24,2030-09-23,Debit,ec53ba8c71b1c76810a983ceced558d6a434e5fd6d3923736844b3144db8f2b7,Blocked
342,9704490589099170,478,2025-11-02,2030-11-01,ATM,8fb126a88238c33a91d6f73a7e0c01cb3ef9a919d7143dc2b3b6eb9edd78130a,Active
343,9704714447717236,479,2026-03-22,2031-03-21,ATM,6a07d767c2c6c06650aeb4c36f795f3f2789e40f583075b0d2b60bcae58db78d,Active
344,9704091018122260,481,2025-12-22,2030-12-21,ATM,da76384145b91703314c7ba9be45b10aab7a1e1c5fdde7fd1602cc9e9600a69d,Active
345,9704906974156136,482,2026-03-15,2031-03-14,ATM,7c030b9b0ba47cf413572901f0db70a10a5ee93115e00c0c1e21c049da9b231f,Active
346,9704406652220719,483,2026-03-20,2031-03-19,ATM,066327fbf5558d9087238fdb7e158f758d6faf26fe06a9421a0f06eaebeff64c,Expired
347,9704376918572600,485,2026-01-25,2031-01-24,ATM,48052d6bdd05e8abc69ffaafee663acb43eaa24c17635575602388f26c9dbfbd,Active
348,9704737509070381,486,2026-02-15,2031-02-14,Debit,d8c11439dfe1e77ce45661057bfd210e56e7b9529e5164b14eabdef9c5337cde,Active
349,9704352243458225,487,2025-11-02,2030-11-01,Debit,703e7c4dc57ea9f802e16bd2e3123db14b95062ba5a9c66623501d73b408c28d,Active
350,9704245839799328,489,2025-12-09,2030-12-08,Debit,c918dbe082b88ebc1b4cdcea6eb60156afd9181c7cde5dc13693e32530fe123c,Active
351,9704684371338517,490,2026-03-18,2031-03-17,Debit,1d1bb447b537cfe9d74625c1a2f2666de40e1ed42e8e1874fcf3f354d701719f,Active
352,9704676030377355,491,2026-01-24,2031-01-23,ATM,147585e8b728ecfc34bca88763c925c825efcae3e7503f62dfbfd5ff1326babb,Active
353,9704467861288937,493,2025-10-19,2030-10-18,Debit,8c74e0bc345f4ccf63bc7d4884c57c5bea05e599c5f3f6faf04f082e4e980a4b,Active
354,9704000850410985,494,2025-04-05,2030-04-04,Debit,d611201bdb121d5be441121cfbbbf0799e7e3fe2ab9582c415bf6b72b5f6eca9,Active
355,9704390597607022,495,2025-08-22,2030-08-21,ATM,ebd443bebdcd31ef5696dd83d2374770f8713959f76aaa68dbece426041ef55d,Active
356,9704356581165397,496,2026-03-05,2031-03-04,ATM,72eecaaececb21a616cbda7a9c22f72127483bf7f3eaf5e9c51763c379e008ab,Active
357,9704035272849662,503,2026-03-02,2031-03-01,Debit,70bd4a6bed3ae725bec595b38a76a97db2726b9cf7b9a527151bdd83039b0d94,Active
358,9704714297307444,504,2026-02-27,2031-02-26,Debit,d074dfede34fcd62a2b25762c9904d723b33198ee5afc5fde812bead8326bce0,Active
359,9704865942596073,505,2026-03-31,2031-03-30,Debit,08415644fdc2ee464fad09535c642c592353fb8902755224331a36e9ff0c5364,Active
360,9704144560616038,506,2026-03-23,2031-03-22,Debit,503b63ee8010a18453ccff73ef53e9611ed2af20131a129eff14d856611dd4cb,Active
361,9704902585136413,508,2026-02-14,2031-02-13,ATM,b1758b2fec8fa95049b03f01317878c205bb5e176a8bedb83a2dee910d360718,Active
362,9704937000791487,509,2025-04-09,2030-04-08,ATM,e1f8e37a607c0fd601be34f8f9f8b8c8d705ea3ba546dab7e6fc77bf25bb30e4,Active
363,9704085933854683,510,2026-01-28,2031-01-27,ATM,8fcd6bebcbbf0b9be8f1d309b050983d2603ff22e0aa99a19128cfcbcd7ede10,Active
364,9704062565484696,512,2025-11-10,2030-11-09,Debit,5affaf2caac8c2ba71ea54d7848b11394f0ced98382ad60a6d09acdd635f5d01,Active
365,9704171605802594,513,2026-01-12,2031-01-11,ATM,206b76a63ab3dc561dcb5f681ceb800e8a1bf5f82e89d1dc2d1fa85f69d84ccd,Active
366,9704842153809601,514,2026-01-22,2031-01-21,ATM,6e56e9fdd54b50ea144c3490dfd561c2fb78ddda7331498d2fb7647573adbd5d,Active
367,9704175347696386,516,2026-03-15,2031-03-14,ATM,0bdb90762b0fec7dfdfc9017d43d3cff685e8ad355836ec00716299bcd2d6963,Active
368,9704692754262327,519,2026-01-25,2031-01-24,ATM,b3ae678ad31ef34dc753c001a849a68873b0af0d60492a698a3e6f8e32ca0bb6,Active
369,9704964956857586,520,2026-03-13,2031-03-12,ATM,aff20c6a4f006f3ae2211ee96fd75b0f91ffaaf105e4ffcf30373c796af5741b,Active
370,9704444323188450,522,2026-02-13,2031-02-12,ATM,e8f6daf160c2a846aaba923783a1fcdce3c6de380ff946d5c2d4967f6162778b,Active
371,9704856638796800,524,2026-01-19,2031-01-18,ATM,b578682afa15ce0bdd41e0fef1dbea03c492609addb43cadd8c0554f24fd538a,Active
372,9704554180119610,525,2024-11-13,2029-11-12,ATM,4ee4df5fe3fdf64cddb6a4d1be525cb8eb0aa2384f79ffa44d7a8ea090fe1ccf,Active
373,9704852736629015,527,2026-01-12,2031-01-11,ATM,d90813e5ec5e4bb31df36a7845895e8631bcb7f2d2f7471cb809557778e4a4f4,Active
374,9704662369022095,528,2026-03-26,2031-03-25,Debit,862422718ef00d7fb6dbc2b9694fdff18a615f9c84f4b99c37a27104f631a309,Active
375,9704307912309138,530,2026-03-04,2031-03-03,ATM,d6c39629b84a5964405d71102009014b80820bb2622b5f32453daa30f03f2315,Active
376,9704316103217329,531,2026-03-25,2031-03-24,ATM,f5ec87524b63f0fc2589931ae839779f8f544d1b9eb49e630a244b0da26ae950,Active
377,9704786530693372,532,2025-08-19,2030-08-18,ATM,f712af76a793b46c5b3c02abfd2062a01bea05ebd35aeb07b2679bd98a75f701,Active
378,9704184143910349,534,2026-03-19,2031-03-18,Debit,255f4820da3e04175b097a577ee1fa493347852bb11beee494b6675a897c0736,Active
379,9704145557415942,535,2026-03-18,2031-03-17,ATM,850fc39f592cb13b832c2044578ae80872ce28b8b20aa33014883d1348e5e10e,Active
380,9704594403778591,537,2026-03-26,2031-03-25,ATM,bf680f6796782e353ffab4941ac9343503ee82b9dfbf98f2ccbc881c88d6137c,Active
381,9704992785593396,538,2025-10-15,2030-10-14,Debit,88d6f0c1ae5f75118f7d80b72fb7037ea55a7b81059ece3405d22f66db52d469,Active
382,9704438117124744,539,2026-01-28,2031-01-27,Debit,52c68f9fcf85b98af1d805ba0fb5ee4aca750c1976d21146f4e6c5a88019d5ed,Active
383,9704022857628390,540,2025-07-13,2030-07-12,Debit,ccfc805ce4361ca45c1ed9d91ffdbfc37df917467d4a4598c1a73ec13de40d53,Active
384,9704416346164199,542,2026-03-24,2031-03-23,Debit,dad5acae0d71f925a49b9c1c0e061932761a3839a2dafa53cd8610418e44f3a7,Expired
385,9704581677481053,543,2025-10-27,2030-10-26,Debit,b87de5ce989783800661862072690bc978976a67f5e5ca6913f4dc1a3a58a7eb,Active
386,9704471015406356,544,2026-03-16,2031-03-15,Debit,ee230c82e9557588547a169afbc9d8b00171e8edc2287ea031b7e89bd74d04f3,Active
387,9704208116755502,545,2025-11-23,2030-11-22,ATM,d4fb05933aaeadeb5e777b4a445b51db4cc374ded430dcf8604d1f7935c7dbd5,Active
388,9704543272672466,547,2026-03-23,2031-03-22,ATM,c5b43a6bb5ddaee635b1a5ee5c0f7723799a143a51e128002b140d3c73e4ffda,Active
389,9704245088640832,548,2026-02-11,2031-02-10,ATM,bdf9a12371ce362928758676557bd1d970f2d36b3fe944a8dd13f7d545b83971,Active
390,9704102617177607,549,2026-01-27,2031-01-26,ATM,a576c755193e30c4f56732bfac85382b70f576b270b58edbf025433ae00df72b,Active
391,9704405666797645,552,2025-08-26,2030-08-25,ATM,c0758982a925f1a01dd798de8b48ff3cfb94f29714520b5482ce05da334de7b2,Active
392,9704001277994423,553,2025-10-24,2030-10-23,Debit,3c9e3ef893f602853f75d5e3fb38376626200c02041e48941a29562172405172,Active
393,9704612037850263,554,2026-03-31,2031-03-30,ATM,36e9bb346c01590f1b46b3f56e5d4a0b9f3a72ee4d6fd3ade207d7d84c76ba8c,Active
394,9704338644246175,555,2026-03-31,2031-03-30,ATM,f072798578dc2299b182f375254580bb9072dd5a9cf271cde118e34110f93ec3,Active
395,9704414894203205,557,2025-07-13,2030-07-12,ATM,671b7901ad9ab87215ba252004291b892357bb33d74a0ed7983ed3b41aba0d0d,Active
396,9704267969378147,559,2026-03-31,2031-03-30,Debit,dabfd7567b15242b52edc78f67326538865d40b91f2c3d678b52f5f5d05767fa,Active
397,9704840261151354,560,2026-02-03,2031-02-02,ATM,e47cfbff31b9090eedf3ee90835f78c7f3752d1f69cc226f82f6e83e67ca8cb5,Active
398,9704339354035902,561,2026-03-25,2031-03-24,Debit,55f7c4b7e03e3a233a55f23a7a30bea5fd3228f818fdb49a2c89e70005948523,Active
399,9704428751977916,562,2025-10-26,2030-10-25,ATM,0b41b4155da44f67db52b0bbc9b94d6ee80084d1238cef2ea09a97306c6ad1a6,Expired
400,9704209076504114,563,2026-03-04,2031-03-03,Debit,516e11e42cd6f573d938e00f95b20967ac1c4a4cc06c62bfee84d45c31c56fde,Active
401,9704679684657852,564,2026-03-01,2031-02-28,ATM,22f890f8f48b287cdd30a50fa9e034ebe9d3cf9831a6156fa8bc89e737123344,Blocked
402,9704601811287937,565,2025-12-24,2030-12-23,Debit,f4ce6ef8335debfbb168c376b0967b13f11bd2cc8319fb95e4faa710f44b97d8,Expired
403,9704466974292059,567,2026-02-09,2031-02-08,ATM,a38203eb3abe9698e399b6e239177897d0c0ba963475db50e1342200b6bf079e,Active
404,9704771562950828,568,2025-11-21,2030-11-20,Debit,c72d12a8471451ec28fd4b1eecb5ff4f760ab4b478f7e2d9007c019e17cbfb5e,Active
405,9704128444161386,570,2026-02-25,2031-02-24,ATM,4d1e8a244e3c55c10127f99dac8fc76099920e2fe2e9ac2f39a8f2be18ef2c52,Expired
406,9704652083604132,572,2026-03-28,2031-03-27,ATM,c6a687bb51597caf5da429414a581595bf611fa025b2b0a747f9aeebffd43d83,Active
407,9704982557142761,573,2026-02-07,2031-02-06,ATM,94e814b8aee4638c21a7781721fe8400449ad3e06cb335e93aeaf423617d0468,Active
408,9704287158689888,575,2026-02-27,2031-02-26,Debit,111f4041df299cb36519025921e984eff89d2379c15b58374ad69a32f302e95b,Expired
409,9704740635228753,576,2025-04-18,2030-04-17,Debit,77eb044c8c3ae9ba3300026b2d8926abe8ee12284ac92aff85f9488626a7b4b3,Active
410,9704607436390563,577,2026-03-18,2031-03-17,ATM,d620701b32f5b21c77819c98a2e8953bb95ee2d30d19eca4b7b354c343123219,Active
411,9704096874683994,578,2026-03-31,2031-03-30,Debit,93838e83229a920097f0986f66172974730c960214ead0ee29269873472d0b34,Active
412,9704494414220936,579,2026-03-31,2031-03-30,Debit,6258093c18d1e66e74eebcb8b663abca22a4aad60fada9046e5e665629c59ca8,Active
413,9704577806274308,581,2026-02-07,2031-02-06,Debit,6f329e384be74f843a259023f769c60c81d1a8f2ad164c1aa432df7ef7e1cd02,Active
414,9704175819062836,582,2025-09-21,2030-09-20,ATM,d5ae92eab727741a3f4889194ffd6ccdf3fc09dd3a35407240316d9a6f634503,Active
415,9704174039082336,583,2025-12-11,2030-12-10,Debit,e346661a484fa0017bb059ef1312054c11f626261667ef1fe87ac46f0931c32d,Blocked
416,9704363306091868,584,2026-03-04,2031-03-03,Debit,d7311fa18808d5bf57b460b19f087c8bd85f5753ff1a63b96c9b98a69c38ca2f,Active
417,9704327516147469,585,2026-03-10,2031-03-09,Debit,34297dd8e605a6c3bf6c55270196422dff4a520e531b8ac8397ffe72392c1128,Active
418,9704235008716877,586,2026-03-16,2031-03-15,ATM,5eaaeafcf4f305a5f807fe44bab1cabf1b24ec9e53054881d95bacede808e077,Active
419,9704236514225692,587,2025-12-11,2030-12-10,ATM,895f230a4776404451a0e7824b3cc3a8dbcc8e160ab266cb921f6896824c2d40,Active
420,9704675732271995,590,2026-03-30,2031-03-29,ATM,a81dab2778c6189e16865f7bd8dbdd36364b8939e7d021c3bdde7b2284aa9c4e,Active
421,9704808175956329,591,2026-01-15,2031-01-14,ATM,77f850122b0df9e86299162727c5ccbc9a9a1c72171f278b5f146bdb216dc3ea,Active
422,9704869226843215,593,2026-02-02,2031-02-01,Debit,3b6c15698b16a8fa7b47072fca1bd122760a9082b1e607044572bd034c733a6e,Active
423,9704592227665445,596,2025-06-07,2030-06-06,ATM,d5bbde58caff5e736d657319194b79d54c1a11904d4277870a576975ca76b966,Active
424,9704486884086909,597,2026-01-28,2031-01-27,Debit,4050107eb3efa21617b824d4ea047a28b0c607b981de3002d7cd2dec7da22b0f,Active
425,9704943434360740,598,2026-02-10,2031-02-09,Debit,d87256a52f9a6b89dfc5db4835a40ed50bd8c969482a65189be86748147bb32f,Active
426,9704571229664509,599,2025-12-18,2030-12-17,ATM,c6377746d872aa8d2674becf53738f78288f0650988f7d8cd02352563e94b791,Active
427,9704485943179974,601,2026-03-18,2031-03-17,ATM,6bae1c491a3652e1f264e469e3400ca8cb1496edbb08d3b944e90adcbef151c5,Active
428,9704881983962374,602,2026-03-02,2031-03-01,Debit,752f2bb196695954df48ae51942d72c36042480ff996e2792f4dc13d53ca1def,Active
429,9704672657450333,604,2024-12-19,2029-12-18,Debit,61c3a5e080d7d93391206583c6b47fd4589cfd5c2c5a96c65d8abb0631fb525c,Active
430,9704815339627653,605,2025-08-21,2030-08-20,ATM,28d2b8dd8e5068f78378a25f6e3242ae0c5669f4d471908a94aa08921c6aef41,Active
431,9704023197232625,606,2026-02-22,2031-02-21,ATM,04c83100a78e41edaa8cb3acaadeb023ac4c5e84abd0d819160628b7d57e5773,Active
432,9704109136077088,607,2025-08-29,2030-08-28,ATM,ba1eb993033efb9af09afdee9bab058cf5b7345ba81e062639c91d2ff459d663,Active
433,9704141235659584,609,2025-12-20,2030-12-19,ATM,6bdcca3e6be298b32c83b1dc4433a1233e992629138328151c7c78fb28ab164e,Active
434,9704666987131778,610,2025-12-06,2030-12-05,Debit,9f400a16a211cdb4cebcc68f533679a3f9a52def78b2fe93090fa02de2f689ae,Expired
435,9704440808433410,613,2026-02-12,2031-02-11,ATM,a39571955bed9294b68fc2268feb31411620b14f17497c554dd854ec1a2bd599,Active
436,9704057608773352,615,2026-01-19,2031-01-18,ATM,1432a90cf2defc71ffad4b731b703c5584d16433e876728b0285ad9f7f12e36d,Active
437,9704986429981496,616,2026-02-27,2031-02-26,Debit,1784232e9efc407a095f630b61306d31437d90dbe5cbf5670cebdcc7d80a47f7,Blocked
438,9704097078573406,617,2026-03-14,2031-03-13,ATM,42da9f1ca30df4c2beffdf8d3edd7ef828598d9602cc9778690acfd31cceb22e,Active
439,9704632972433495,619,2025-04-19,2030-04-18,ATM,6e574df7064d124b7002de262623d4ab68c318597cd9f2238a6f10310bf5d02b,Active
440,9704774688516773,620,2025-06-21,2030-06-20,ATM,a19d98e7d36620c16a0c81c1e3f5bb3e9eab8b46d0220ac27c86d824815da578,Expired
441,9704562122751420,621,2025-07-02,2030-07-01,ATM,034694a993c2537b8cc2b7afb417615c4c876df9f4e976830fb99dab2367ea74,Active
442,9704511232030442,622,2026-03-09,2031-03-08,Debit,fddcb74fde354cbe40d4148ff75d7e675f071afae3bc7e640296757814e39f34,Active
443,9704223116208817,625,2025-07-31,2030-07-30,ATM,ade2dd07eeed393f4cb408a041e34a08e985a11d7434cf9bc3d4e5534d7e9cdd,Active
444,9704498400235115,628,2026-02-06,2031-02-05,Debit,7701e19e5c4c072a8b00d1288b90d35ce610283d5d1ef53db718345b4a2e9714,Active
445,9704502655664636,630,2026-03-07,2031-03-06,Debit,0b3e2dd37805a970554509f33e20ba6c64e7d063ae20da2462acf0598c47e7e1,Active
446,9704870199388914,631,2026-02-02,2031-02-01,Debit,5bef869a640e1b331cdb35d28eb0ca58d43884ab2ce955476241b5c036e672ca,Active
447,9704537557001588,632,2025-08-14,2030-08-13,Debit,305ec4073a137d4cfd03bcde039ec0bed51f2f0354dc153b951a15fd4ee9035f,Active
448,9704316857270591,633,2026-01-10,2031-01-09,ATM,5cde929434ec01d846ef39ee88b61f1ab99c11a0255ec90349e338f0f0eec4ff,Active
449,9704241083100218,636,2025-04-24,2030-04-23,ATM,c956f1bd8e6278ad79803fe0fbf4a00dbde5b1ea60481196afb87d98206923d4,Active
450,9704600973563477,637,2025-12-11,2030-12-10,Debit,e70db1c9fb876719ba4b687e29fbe89f0568b89c4353d1e62477306a9d24ebb0,Active
451,9704159504692146,638,2026-02-06,2031-02-05,Debit,6e41c00bd22f66487341939609b2528b0652f2ac3948af5764344486a53cb135,Active
452,9704007875161741,643,2026-03-24,2031-03-23,Debit,f735e331eb15d90b42b77c4ed3317ddbf40bf928e685ec962f04e606293d1770,Active
453,9704361785315647,644,2026-02-10,2031-02-09,Debit,822a7171a00c80ab170406f53c664eb724d325212e9f477bbff625c0dfc3bb79,Active
454,9704266993116021,645,2026-01-13,2031-01-12,Debit,1555b979db6961f686fb4d3e45e5d34c10a45b757a343bb4da594daa5a0f1397,Expired
455,9704567214160398,646,2025-10-29,2030-10-28,ATM,f990eb035ac58204523a9471bb90efefe5a19a2dd248cf6fc84a2ea6dbf32e7a,Active
456,9704716503207824,647,2025-02-24,2030-02-23,ATM,d3f39a50c2345e2acc457e01f9cd3d9e4b37b4756042f8c7c98a110dfbabf5f5,Active
457,9704663708695336,649,2025-12-10,2030-12-09,Debit,cd726d48046e51943935143691ebfc894a027af27c257fdac3d53596397aa36e,Active
458,9704415455734996,651,2026-01-12,2031-01-11,Debit,7bff76637311dc0e638f42392d7f87891263936873cce3b43ef37f5983bb2384,Active
459,9704419800071394,652,2025-11-19,2030-11-18,ATM,e3e2a33cdd57107ede859273862ec1634633cc85b4f142939840c66e80bab29f,Active
460,9704050521729593,653,2026-01-24,2031-01-23,Debit,379a1ae919b7eb289778d38c4dd132158f1997a4db7066c1131e24e33c3050cf,Active
461,9704071450331230,655,2025-07-27,2030-07-26,ATM,c065355dcfed1c7ed33541e8404729c95b5fcac144f733eb123c2f136bc212a0,Active
462,9704571748255857,656,2026-03-05,2031-03-04,ATM,4f937d019fad66c2945bf361159b050b7a1c7e4e3ab03d05d914eb404386eb39,Active
463,9704836668197971,657,2026-03-31,2031-03-30,Debit,149d6a9aacc4455cbf9c99b3ee640a99c26a2f5d9a1b370d5a70f5194a225867,Active
464,9704453529496563,658,2024-10-11,2029-10-10,ATM,9f1fb44a3eb6076c1f8febe143fc6e11e1778cc45ca26813c9ae2e2196559040,Active
465,9704758412604867,659,2026-03-12,2031-03-11,Debit,e10b1aaaf1fd3abb31eb165230fa28d5c6fa872e6b446089a7bb3daf72b224cf,Expired
466,9704279067256914,660,2026-03-29,2031-03-28,Debit,be4c31fddefd853726e8ee94323b0085c78b65e08a45c9f37469f36738d1cc91,Active
467,9704642263377486,661,2026-03-31,2031-03-30,ATM,2ee8ebf48e5efbd2ca62f4114b6ed17002c5f5fb44dc91d49fd9a95f7ae7b2d3,Active
468,9704909351831073,662,2026-03-01,2031-02-28,ATM,4af08e0d8267ca908498a5450a1afc54c97d3e6340255ae2dbdcc06c55aa7d27,Active
469,9704157727644067,663,2026-03-17,2031-03-16,ATM,1b98672ae5633d49567e6e6be8c821e87a4bc6d6d2054cb6065d6bc82bec6387,Active
470,9704889271308327,664,2026-02-27,2031-02-26,ATM,2a66d1533091d0c7974a9bebf3829670c03559d4312821506a67e9c474974e87,Active
471,9704949328358084,665,2026-03-26,2031-03-25,ATM,7eb10df964d0807a8d6749cf7bfbd857913b44f39d162efd6a602120982e01e8,Expired
472,9704403298251678,667,2025-12-26,2030-12-25,ATM,cecffc9a7f67fbb610583914a8e10becdcdb0e3162ce075c07399ee73b565cee,Active
473,9704309899786658,670,2026-02-18,2031-02-17,ATM,885a82fea7c622e18c2cca883853269da653b5ee8ef8705615971d9ea3baac50,Active
474,9704934263627057,672,2025-09-04,2030-09-03,Debit,dda7a00b1ca5cec22b673138765855842860730bacbf2a33d220a2d20dd259eb,Active
475,9704696043162037,674,2026-02-08,2031-02-07,ATM,181ede65e57c18239a1b444b50e74990c558adafdcb21c89319fc16ae2b8f476,Active
476,9704617756644433,675,2025-09-25,2030-09-24,Debit,4d97a5713902ea64f11a8afbb5a358c8afe23b6b387d1d8bb978b82acd7129b2,Active
477,9704727282756188,676,2026-01-30,2031-01-29,Debit,631712b44a781f742f54fba5c7e22a6adcce415efee36a4f457356f8e43c03ec,Expired
478,9704804928334100,679,2026-03-31,2031-03-30,Debit,2a273fe6ecfcffd3027d37ce0cd6e0dcdcc9e4dbbd501c7b0eae46fd58849c76,Expired
479,9704422920825133,680,2026-03-02,2031-03-01,ATM,2d39863a9342d8e55cea150cefb16e5147fecefddd3f09c2b27b940f87821d72,Active
480,9704296333646321,681,2026-01-30,2031-01-29,ATM,6a9f1a74495797b20f5ea0a3277b3d130d2ea2d215d38d30e2cd6160c452c8fe,Expired
481,9704865937349040,682,2026-03-26,2031-03-25,ATM,8cd94b4fdfc54777784a7d39e944a9df6159bdf7fc77b653502fdc51876433f1,Active
482,9704427693001459,683,2026-03-21,2031-03-20,Debit,138b1132d224047531c405d8a00f5ead7c2a295ebb3f7561a40713f320691806,Active
483,9704786913330742,685,2025-11-20,2030-11-19,ATM,df55c9011b5322dbde17512e07448b6271dc73a2ea2f0dc41f8f4e4731616f62,Active
484,9704630460874035,686,2025-08-26,2030-08-25,ATM,3fb6d03cac39b766aa8ae00ed0d93966766c0266d21734b2b21068bec1f7523e,Active
485,9704715309173825,687,2026-03-29,2031-03-28,ATM,369abfef55c492a3ae8010e9cf385f8b8cc3bb918e38db524fda2fdfacefca45,Active
486,9704974287750015,688,2026-01-29,2031-01-28,Debit,37bb55b5f965636b4a467118602b46c3d6584fdf6d7e6fd60ec3f9466b3a25fd,Active
487,9704231102048169,689,2025-11-29,2030-11-28,Debit,cdcda3b28763a228ffcc36fba00c609ddb2df7c25b719a090185a71bcca8e248,Active
488,9704480650788004,692,2025-12-28,2030-12-27,Debit,64e3410ec8488cd2bc8addc22bf48cf2fc7e80351d4bd3c7c6bb8036ac9d7a47,Active
489,9704518593962789,694,2026-02-24,2031-02-23,Debit,376321ddcee2cafbce3269c539dedebb6464c4e0af811dd9a1f85587f51c5263,Active
490,9704450111806188,695,2026-03-07,2031-03-06,Debit,d735a0744eb73b5c2eebf36b4c83d830c68be38b34466138af31cf899b0550ef,Expired
491,9704581363974263,696,2026-03-06,2031-03-05,ATM,58c4f2023f5a2d5ad7e7b2197fd8f5f9d2f8aef678f585e20a237905353bf105,Active
492,9704829107589329,697,2026-03-25,2031-03-24,Debit,e7a706b95caa47974d099f7ffa4dccde888a93bf2f93b146b0c488e9a250bb7c,Active
493,9704128615494307,698,2025-10-14,2030-10-13,ATM,a8b47619a88526642d6f9dee978c488a292dabfc74d5009157a33ac69b4ca371,Blocked
494,9704100622200112,700,2026-03-30,2031-03-29,ATM,31d484c58d2e5812f9fa6e78c0c8eaa599200f43549d1782573e58538e604ff3,Active
495,9704832905964157,701,2025-10-21,2030-10-20,ATM,48cba1350f6771950c4c90bb52cdeebd0cc63d5ec11b43529e23c7d191df2e0b,Active
496,9704466049405830,702,2025-05-13,2030-05-12,ATM,d24e79fe8822544bafb4194ba83eb8e6565ad1ef55ca78188f279e0f33e66e1b,Active
497,9704228186724250,703,2026-01-04,2031-01-03,Debit,abe032902b0f0e546c22fe993c851a19da9657a505e48a499bf0667ec454dcea,Active
498,9704397597762189,706,2025-05-21,2030-05-20,ATM,49d954444bdfe3b7c01fedd1a0c5a2cc2efa1f521bdc72bfaa10cba18ac3ccd0,Active
499,9704735191394199,707,2024-10-30,2029-10-29,Debit,4098d2730b27e11a01f8aa543c79d00425d200e750c016ae5dce99aa5cb7b5c1,Active
500,9704773171159074,708,2025-10-16,2030-10-15,ATM,7aab6da97f6d4a63b336ef66deca3b57dbcf30e3b7a2b3f61d172cd6cb1d4fa6,Active
501,9704273252660448,709,2026-03-11,2031-03-10,ATM,7fcab9477b518615c081729932ecc22b6da07b0575f6f67d40dc686c20913dd6,Blocked
502,9704932630100809,710,2025-09-12,2030-09-11,Debit,6a651c4ded759ec8b6b454bff93644dfbb19da9be8fb18fadf4de473b526ee76,Active
503,9704567502884448,711,2026-03-11,2031-03-10,Debit,9c88be2187e26ec9606bcd0bfc6f973bdf29fae24a84865e0920a1e718a940a9,Active
504,9704405029339287,712,2026-03-11,2031-03-10,ATM,b65d1966c1466ef8d2cfb456d2bcd0b9d07b31129c3f24c56cecb8fb7c8fb1fc,Active
505,9704274848403239,713,2025-08-23,2030-08-22,ATM,19f2e7f36e373966b7382a96aa7e915b18c292fff224e94009aad41bf1e5e951,Active
506,9704864221548737,714,2025-01-03,2030-01-02,ATM,7a1c95608d7791f5a289183747de28d9e1563cbb1b6ce3b888f76bb8f07fee29,Blocked
507,9704373250384885,715,2026-03-25,2031-03-24,ATM,b079f5c895e18edc0b8044027e61b3e62986dda6a1ab007544dbbf0194f6d0b3,Active
508,9704475987248109,718,2025-06-30,2030-06-29,ATM,50c7594bcab35cd74716fd997cac402a0d86a3e9f91a2ef06b5c5d23b78dc420,Active
509,9704744571352396,720,2026-03-31,2031-03-30,Debit,be49d445d9e89ff0be5975ddaf05e3a59801104e8bf946db5b2ccd56ec91ecd9,Active
510,9704938704771868,721,2025-12-09,2030-12-08,Debit,b735d26ee21d51518d9dceaee1664023ce992e43497e9670d37c0692cbf87069,Active
511,9704746888430658,722,2025-10-13,2030-10-12,ATM,f8e3a94ffd33ade8861578765ee0fb98f5cfe3991738e5b2289045b744aa19e9,Active
512,9704588907042315,723,2025-10-04,2030-10-03,Debit,8cf400e3136f615ea988750bda382d6cdcc20d7573768290729e9356d7ea2240,Active
513,9704921192725220,726,2026-03-10,2031-03-09,ATM,d0e2d2973e4bc15b1f58b55af55ddd1e1a096ba324becc411868e0f1ac1fd70c,Active
514,9704760661483131,731,2026-02-15,2031-02-14,ATM,5687ea685486e88c76439d25d64553b66aa58b81e56f2906886a224fc847ea24,Active
515,9704039285249215,732,2026-03-13,2031-03-12,Debit,3e54502b02e0023f4855b765bbd1276b8bad2c495165d5d9b6625d52358dc789,Active
516,9704950247313059,733,2026-02-16,2031-02-15,ATM,c57746d55925f5733abdf3e901522a1c5a593882ca65501976f266a3e6e17abd,Active
517,9704501251189086,734,2025-12-09,2030-12-08,ATM,ebc462f1193b6224468da5e0671915e2382abc8729ca01c6bdbc4ce6d935b5f2,Active
518,9704857184862133,740,2026-03-01,2031-02-28,ATM,8806b6914592d0030cf868b1e066cf2a372c1555edcc3e03b72cfbd7e1942fea,Active
519,9704531011500371,742,2026-01-14,2031-01-13,ATM,cf7753549fb9a49618f743edd0723d9ad389817d6d0dbf6724f8137eae6c1066,Active
520,9704911770833235,743,2025-11-24,2030-11-23,Debit,0d6bd62dab62a34f2af8585ee59f2bc39fc0ecd2fcb9a4743a68d6933f2d9396,Active
521,9704824837734642,744,2026-01-07,2031-01-06,Debit,206b9e4805b737ca7f393eafaac98e2bb9927fc4bf8ba5697a5d056f54d0dc3a,Active
522,9704937982539125,746,2026-03-25,2031-03-24,ATM,51c3f1722cbc1dab286c0321e1d99b06ee52acebb151470c1282fd12e35c2df0,Active
523,9704002452407550,747,2026-03-02,2031-03-01,ATM,4198f9c2985505aae30d513bca524ccd19b197c4d3ef580a89ddab2a3e36b480,Active
524,9704146841635081,748,2026-03-24,2031-03-23,ATM,e108c7eedc453ef517d80bc68f69dc9725f43987e1069951c2675e78a27d6013,Active
525,9704940261431939,750,2025-07-27,2030-07-26,ATM,c383fcc19473a5db7ca30c685720b14cd181633100cb7e823b105b24614b54f8,Expired
526,9704264210739389,752,2026-03-31,2031-03-30,ATM,a5833f0c95969cde9520883b07403f089739dfdbdbeef24bbb9f28f1190f4d87,Expired
527,9704424330920359,753,2026-02-04,2031-02-03,ATM,cfeb771c005446c70e1ebc3a1a5b2ad63cd155d78eab8a23829f5f5a024587e3,Active
528,9704474821363385,754,2026-03-18,2031-03-17,Debit,ec111537f1b94d064a86cb80aefc3ce48dc9cb74dab28086e9fdb36adc17183d,Active
529,9704347388686572,756,2026-01-23,2031-01-22,Debit,ec17beb937f7ca3e5e60a9b11ec6c23355e19b1c247066e8197b69ae2d6fa69e,Active
530,9704540002643242,757,2026-02-06,2031-02-05,Debit,96d0fd6e97b9f17770cd7518eca5c7861cf84d3f0d1d203d9ec575ff19707c82,Active
531,9704812104507728,758,2026-03-30,2031-03-29,Debit,2e61a13b867d69ba86aef027c9bf0c914dc922f482f85acbd175a9e24bc84fb6,Expired
532,9704417711304849,759,2026-01-11,2031-01-10,Debit,62b453f1833de203f99a7f9c045a87d1bf23dc0c8cb128f87830848b0bd3b9a3,Blocked
533,9704297235743152,760,2026-03-17,2031-03-16,ATM,c78ae85ad9172d4b2147e0001a8db42fadd68d042b978d596af2287cebb33296,Active
534,9704770380149747,762,2025-11-29,2030-11-28,ATM,1888474572c199153c19d04c65330bdfdc761384213463d8591f9a16aa4cfb95,Active
535,9704155764848634,763,2025-01-30,2030-01-29,ATM,da263fb3efaab072c3d0dd78dab2b2a39f4f14a83b1205646222cff0b293d39e,Active
536,9704609124417049,765,2025-12-04,2030-12-03,ATM,86381add95d1cef414b0a67aadeb9496ce9f2edbed939cb26257611eaaaab1cc,Expired
537,9704325528768761,766,2025-10-26,2030-10-25,ATM,243a6734040490911b833301820cffd9825fc5dcd0214f2ecd1862550c18af9f,Active
538,9704188020422860,767,2025-07-02,2030-07-01,Debit,fc84e489d0e2b46fb6ac9e093e65595a00661a12f5b6fa9f300a41fe7dc2f20f,Active
539,9704179053740209,768,2025-07-08,2030-07-07,ATM,ac5934062dffa48f65421efeb39b28d94f8bc76387a205665ece39a08df3c97a,Active
540,9704384093805966,769,2026-03-15,2031-03-14,ATM,1d296828d3e7cb373c633bbf8defd38209eea52710f1695263250b4b9a9d8203,Active
541,9704305188128045,772,2026-03-08,2031-03-07,Debit,1d302c447c15e68e4dd97a118fe80d45d8d0a7ca42fe50a4a2abb6bba39e587d,Active
542,9704739996816834,777,2025-11-29,2030-11-28,Debit,6e913085c3f99a7284a5948a76245d3742471c123c8d49a1c352a5026df1728a,Blocked
543,9704156940714806,778,2025-08-09,2030-08-08,ATM,0817c74aab578477eb0726073220b0aacea5f5b9d9d0a8078de8f0fc345873c3,Blocked
544,9704307493206653,779,2025-09-01,2030-08-31,ATM,f8b43c686ab663c2aa9f4547be4816904729002d6c122b416f004a19dbbda24a,Active
545,9704366495751027,780,2026-03-09,2031-03-08,Debit,6e782256528e1c5019e1974af98c38d3879e88e734fdca8e93cffb050219eb85,Active
546,9704855522931951,782,2025-11-14,2030-11-13,ATM,1307aaf1a997a7cfd8788791c48f1c52e5a8db9fa2e3288959216b2ffde854e6,Active
547,9704699030534573,784,2025-12-03,2030-12-02,Debit,60a50778449fb68c5eb26aea4668675cd3f7605f5a1655ee74d66e3e304fb015,Active
548,9704148791684643,785,2026-03-21,2031-03-20,ATM,40c3d7980f06f829354e58afc60c69b3fbd9d7e881a45d0d9b575817cf47d464,Active
549,9704927695565129,786,2026-01-25,2031-01-24,Debit,072f062c3372c8b939f8f40e6b6571bffde1e1418d3b4c3ed0e3f173f21f9666,Active
550,9704204574057803,788,2026-01-05,2031-01-04,ATM,3c2c4ab79aad3b2c4935dd97bec5b62f4badfda83b736208b3cdcba607e6b166,Active
551,9704823900645171,789,2025-11-09,2030-11-08,ATM,d8e1f6320e7496d8e04eed132014431e8db91b4e816d46dbf6d0cd12cc4a6c01,Active
552,9704447023645143,791,2026-03-24,2031-03-23,ATM,4829635a4315462fabf226e5b267adb34c6ac7b810a0e45e34660e8bf4b9f86e,Active
553,9704161383003509,792,2025-10-31,2030-10-30,Debit,a1762460b204cb7698da5064f65f086a08a9250b97c34bd97b0c5ea4bb208b98,Active
554,9704854625133077,793,2026-03-22,2031-03-21,Debit,b16a40c9678f956cea956b48bee3b56fb14d6c91932e9cb6b81fcd442112c263,Active
555,9704523662067195,795,2025-12-27,2030-12-26,ATM,40ba356b7e67affff0864744abd2eeeec7eebaf4d8f5c0807a20e441bce17c56,Active
556,9704166357134340,796,2025-07-14,2030-07-13,Debit,91449738fb7e38d005e0c831b26f34a98cf9b2748adb32c83a4364de2136b30d,Active
557,9704034891365781,797,2025-12-13,2030-12-12,Debit,ac93240c4499b1e3346350f580a8f94228611b3b2fbe982e5b167a723549d8ea,Active
558,9704344788215226,798,2025-12-16,2030-12-15,Debit,7015ead1560a4e2364e27c500bed5f857f9ef569d14c8595679928bb2180e3aa,Active
559,9704434688823019,799,2025-05-31,2030-05-30,Debit,3c2f9da832472ada7d9689f608610279fa6b9e376472a61508ea77e5f8b95b52,Active
560,9704108203208156,800,2025-11-06,2030-11-05,ATM,8be57af92905d0a1a767ec9502211e4101a1d21029d45e1b453821c5f987f70c,Active
561,9704121764304705,801,2026-03-31,2031-03-30,Debit,13685b8086d0821524b836fc8bb203bc24cc756468e4faafca14fbc9f0f1c213,Active
562,9704836587457292,804,2025-10-09,2030-10-08,Debit,5ab1c0d6a5ae288405eca5e09269748415a02c537d2390c05dae038650089220,Active
563,9704518863930716,805,2025-12-19,2030-12-18,ATM,e59f43d083b08343bf93b3bd3d0b60684cc191cdb5150af4a4df1b36db4a83ea,Blocked
564,9704303077894284,806,2025-08-08,2030-08-07,Debit,0b2fcacd8551e5a0ad84d9b0434f557c6c34f21965f726986de7d22712e9d495,Active
565,9704839249139574,807,2026-01-23,2031-01-22,ATM,89cd0465c0f4c028d90547448cdcf628cae214d9c840c5c085f7c388227921f8,Active
566,9704265950921279,808,2025-12-26,2030-12-25,ATM,3722f0cb571c7b1cd98215e5eabd7ecb296ea09e9994a952be419f8f9a65bf12,Active
567,9704080174206049,810,2025-03-20,2030-03-19,Debit,86bc30afbbc53d6a21fbf189d69fa4fe45b5db76872fa5bc4a75815c6ca63e17,Active
568,9704662712090225,812,2025-10-07,2030-10-06,ATM,880e649e73b49db2c00eb177d73fd97b67c1c9bf9add80a7acdbad015152538f,Active
569,9704554828008700,814,2025-12-31,2030-12-30,ATM,78b87113166313274ed30cf8d4c5e3616e27ecfa60509190c64fa3dcd5385124,Expired
570,9704395889419017,816,2025-10-22,2030-10-21,ATM,0344fcb2d38f9480ee1972238de69dd3a28fbea75457bb465ff714d8d6dddd9b,Active
571,9704102093842265,819,2025-06-08,2030-06-07,ATM,f1f06f77d0bd7ba70fb0416d3001404ccf4e73c3d4d0eb66e3b4c1ce8727ebcc,Expired
572,9704294687398736,821,2026-01-01,2030-12-31,Debit,332dfc8da4ab014a26a9bb69f27b9493502ec60da963c1461dafc7783fa13c9e,Active
573,9704231748292534,822,2026-01-20,2031-01-19,Debit,958b32241db023def4ccdaaf56c04e8928c4e453c16091bfb5077f2dae3848fe,Active
574,9704917535892686,823,2026-03-09,2031-03-08,ATM,dd6f9be4bdecf1379af6ebc838a16a7034eff4cb3a4efef8392afcc0279897fb,Active
575,9704799221793943,824,2025-12-18,2030-12-17,Debit,2f7b66df492cf7a587957e39015491dc322613e15a42f815927805ddf2252cc5,Active
576,9704418110656932,825,2025-07-19,2030-07-18,ATM,4fe84946b907dbfde75a09f5e86af28f2d5ad6a245f94ce3d90e0a1181cc485f,Active
577,9704096634827216,827,2026-03-28,2031-03-27,Debit,75694c0211998ad2f40b9551adb5babaa4e047c5de303719eb4ad4900cd089b8,Active
578,9704931863619067,829,2026-03-05,2031-03-04,Debit,fee1e0ae4574085b64c28a4e44eb5138a01b92777f0bafccda02c8f139211e28,Active
579,9704448457976098,831,2026-03-16,2031-03-15,Debit,9a3a17289c61f025069641bd2e368a9cfeea0532e7f0513e3602a8d1c89afd83,Active
580,9704753986768754,833,2026-01-22,2031-01-21,Debit,07ea16fb5e6e622d78f6e4d56c06c46ea74e7e15e3c8cb616f06329b42ce7f11,Active
581,9704654899298997,835,2025-09-22,2030-09-21,Debit,75f9bfacaf7c42eede64f2bf7e9ed2ab90ac0df4ce5f4a5b8f5eaa15ddc55cba,Active
582,9704751147598136,836,2026-03-29,2031-03-28,Debit,137e3ca36b7542dcfea7605baf5db890e31071e6e06a1d10472a6ec99c9c49fc,Active
583,9704216641960840,837,2025-06-14,2030-06-13,Debit,86fe851f3088f27a168bed17ef475ee5952123688292d9d7d24a6f9b10f98cae,Active
584,9704521375864413,839,2026-03-23,2031-03-22,Debit,9f9700a4d5271dd044fe047b72b2fccef20193f6767c04757847220fb8471ad0,Active
585,9704638939423572,840,2026-03-31,2031-03-30,ATM,73e400fbe7f9473c716cbb94c4194909fcbe2b4acef1ce0b3c9a0dedd24a03bb,Active
586,9704880720265340,842,2025-05-13,2030-05-12,ATM,e496ca8ddb55c3b82a9ca609e652b00613ccbdcc2c0472ea81d16d9a0dc1e996,Active
587,9704667961446130,843,2026-02-17,2031-02-16,Debit,d62847a103dd1c4d61363466ae18306a174058c2a62f8b88bf1358ec03f917df,Active
588,9704489301325063,848,2025-10-29,2030-10-28,ATM,6dcd23a4538523b1eac91f50e7f7dd11464f4f04aaac5bfdf322435b522f137a,Active
589,9704971898335617,849,2026-02-19,2031-02-18,ATM,64865daeb7370a931ba954d8fa54911af62ad46bd2604f3902f066c67a3247b4,Active
590,9704699425139441,850,2026-03-23,2031-03-22,ATM,925bcebefaa6698cc7ec5bb0a10ae6f9c49c74f7ac6365c131f9caf3176da215,Expired
591,9704200032751969,851,2024-12-22,2029-12-21,Debit,2dfe4d4f130886c955e7c1e16a42b76d5f7b3b8f694cc04c42d0224abc7caaf4,Active
592,9704704750624395,852,2025-08-29,2030-08-28,Debit,b5d5c633614aeab2060efaf1abd8bc7f327f57210299b88063cb1f1f5892ff6f,Active
593,9704040252647467,853,2026-03-09,2031-03-08,Debit,cfb35a6a7f3b44f179edea5e1e69542b698efe6e927a20817c9f280f5bf4867a,Active
594,9704673070305667,854,2025-11-30,2030-11-29,Debit,5d78a386cd09cbfed9bed310247f12af156205b841d899f716b754e609a80042,Active
595,9704049120750966,856,2026-03-23,2031-03-22,ATM,86e8bd5cab67cb03f084ef04fe619c69668fc6dbc501c09cf8be9468c0c737bc,Active
596,9704597190687248,857,2026-03-27,2031-03-26,ATM,21ab6284bf52fcbe2ca4fd261fab5dd0b63b63328b25abe41254db7363974916,Active
597,9704328222934240,859,2026-01-04,2031-01-03,ATM,0231160c9f4dec3528f00c133b2a0a661c9a8598af623467861ccacb99d8e52b,Active
598,9704364254655210,861,2026-01-08,2031-01-07,Debit,25f128c16aeaaa2cf7385a1d44ab95e82e4a27767b0bd7ac7ecd13a57276a6c1,Active
