CustomerOnlineAccountID,CustomerID,Username,PasswordHash,LastLogin,IsActive,RegisteredDate
1,1,ng.quc.sn.1,054de311ed040be47336f105190751aaed629b7e127593c2bde5d97229d8389e,2025-09-16 00:00:00,1,2025-08-18 00:00:00
2,2,hunh.th.long.2,ced9bb677a35528709430b1df4dabc97535994193c0ca53247a819d36b3cb344,2026-04-27 00:00:00,1,2026-03-29 00:00:00
3,3,phan.gia.phc.3,bd6192fc7f55744a64c44115826d654505653b2a076826b9bbc3d720043cd5e9,2024-03-26 00:00:00,1,2024-02-26 00:00:00
4,4,hong.gia.khnh.4,7fd02689a80ca110a0b8fc06d3e3f1a0d659b9d9e76802ca0ffdafd460afd905,2024-09-13 00:00:00,1,2024-08-15 00:00:00
5,5,v.anh.qun.5,642c0800e407e0f3b1aeee4eed0e265ddd9269f61cc2993a6cc362e2d42bb977,,1,2025-12-24 00:00:00
6,6,phm.thanh.ngn.6,697ebfb64643fec55a1ff0fd40edf5ad5f470ccec70842e1b4a7e1a1eabcbe9b,2025-05-04 00:00:00,1,2025-04-05 00:00:00
7,10,ng.c.sn.10,bc752ee2d935d01b5d09de017a1025cd8458d6c4afad40bd3fdaf809c055d0ea,,1,2025-09-27 00:00:00
8,11,l.thanh.phc.11,25f32f0182b855b4606f44bce08cb979ebee0930f61a0469369a3ab106344c92,2026-03-01 00:00:00,1,2026-01-31 00:00:00
9,12,trn.c.chu.12,fd4822731a44627046ceaf9b3d442baeca0d1ed1c4fbeccf4f7476801acd02c0,2024-03-04 00:00:00,1,2024-02-04 00:00:00
10,13,nguyn.anh.giang.13,86ca1b35f3e82194a16fc45afb95d103e59d963b61e8ed1707158a15090d542b,2025-02-23 00:00:00,1,2025-01-25 00:00:00
11,14,v.gia.nam.14,7206a04cf3cc2ec0c29b1a555f736f3387dc95815fbef62a0fea8b0299a56b1f,2024-07-18 00:00:00,1,2024-06-19 00:00:00
12,15,v.kim.long.15,114c324176317f6dca432f651003b7239a69953e925d8c8eb4bf47ab020d72b9,,1,2024-05-06 00:00:00
13,16,trn.hu.phc.16,d3dba2216e6aa94476d20154640505869a425d6112af4c551fef46227abdef61,2024-12-30 00:00:00,1,2024-12-01 00:00:00
14,20,hunh.minh.khnh.20,c995d577cb6e310bccb6f0e9feba9da82e7ead8bc5555f47781b2d0a7b1bba13,,1,2025-05-19 00:00:00
15,21,hong.hu.qun.21,93507912f4eca8a9568c694783b0e1d6e6c3a897baa2f3c032f6720f357907ac,2026-02-24 00:00:00,1,2026-01-26 00:00:00
16,22,l.thanh.nga.22,fd77ed15fcbd8045b79362b5557e104449f0a2f8b56ed3651957e135e8d1c447,2026-03-18 00:00:00,1,2026-02-17 00:00:00
17,23,l.xun.long.23,304887df7dc41953ad7ef3725e68ddc02ba46a9fe93a7efdba2e4a7b26de5ed6,2024-06-15 00:00:00,1,2024-05-17 00:00:00
18,24,dng.gia.khnh.24,27fcc6797d15f98adbfd00a6f0eb2ed10f9c5fed1414649babdf91ee90656c64,2025-02-01 00:00:00,1,2025-01-03 00:00:00
19,25,bi.hu.phong.25,5f9d32e37028ad193cfc5c1d17462ff7fe05a3950fc5febd02eecbbbf5d0ea33,,1,2025-05-07 00:00:00
20,26,ng.xun.nam.26,a35ab2922ad24c700ac674cd04626d494d41f366d3ded4bdbb5345324709e273,2026-01-18 00:00:00,1,2025-12-20 00:00:00
21,30,l.xun.lm.30,b0ae0b7b72a65e7c32bdad277ee9a632f9531ed29a7125b88c1da470be8ead7a,,1,2024-09-10 00:00:00
22,31,hong.c.yn.31,6cdcd721550be7bbd5b1afd4c40dd0e7e6edefc671fadc1e96a9240ac4f143ab,2025-08-24 00:00:00,1,2025-07-26 00:00:00
23,32,ngc.dng.32,7c5d6dfffa0bfa0057a7612bba96f10c785fc935ca40426e0446813cf0ec085f,2024-06-09 00:00:00,1,2024-05-11 00:00:00
24,33,hunh.quc.an.33,1ec6578eee7758b7bd5b0e007d471aeb90b7b182ade2914f7d8aa11870edda70,2024-07-02 00:00:00,1,2024-06-03 00:00:00
25,34,v.kim.phong.34,30dba91ec50c7cdfb70ab851b1104691e3640684b1703e1689fd16c19919586d,2025-11-18 00:00:00,1,2025-10-20 00:00:00
26,35,phm.kim.giang.35,b233a26169290dbc5641fe47942e743fe59f3a8ecd871afe7473ba721a2ede53,,1,2025-10-29 00:00:00
27,36,nguyn.hu.lm.36,01ec6cae0b1757907dfee7fe0a438d396768554c56de27fb7186d4feb4695117,2025-02-28 00:00:00,1,2025-01-30 00:00:00
28,40,hong.hu.vy.40,ae27197a5393db038ff88b0b58dea75ee4fa1ab615869e87abaf0b7077e5293a,,1,2024-04-27 00:00:00
29,41,ng.minh.qun.41,949b507c7e495b58b5df3b3be5f9619d5aa8a017b7381417251b3f435365d80a,2025-08-29 00:00:00,1,2025-07-31 00:00:00
30,42,c.hi.42,09600859ae6dc1f73f340117bf29cd7cb6fc394d9f053c2450435c9744d881cd,2025-04-18 00:00:00,1,2025-03-20 00:00:00
31,43,v.anh.ha.43,cc12c40ffd121e1309a07c668fb1e676c984754aa81cf20aa681eed66f9ce8d6,2024-10-27 00:00:00,1,2024-09-28 00:00:00
32,44,trn.anh.lm.44,00adb01ae64e7d530166c21958835005af7ec2addbd722a1295bcd3e8e296abb,2026-04-26 00:00:00,1,2026-03-28 00:00:00
33,45,phan.ngc.bnh.45,318290b4111a4e8be5defc48431c85c995c45cf4ce51e3825887a1720ca4e8b0,,1,2026-03-16 00:00:00
34,46,ng.ngc.chu.46,b9796843dc465e12b7ea12680eb2b592b82203eda30563e91951eaf645ff753b,2024-10-18 00:00:00,1,2024-09-19 00:00:00
35,50,dng.hu.qun.50,7953e0841552bf8f3047c13ad18f6f1959931b092d03d00744817666e3779841,,1,2025-03-20 00:00:00
36,51,v.ngc.hiu.51,5695bbfe3bdd6d475fab2715be6be077fefcbda48bb6580b92c5bb89cf52063e,2024-08-02 00:00:00,1,2024-07-04 00:00:00
37,52,v.c.giang.52,a611c53f55fe67f04e526d4ca24fbedab91ed3845edbbf67095db014f450e171,2026-04-10 00:00:00,1,2026-03-12 00:00:00
38,53,hunh.gia.qun.53,d757224e1469441088f9e2b5063576326bc1e2efed2564675bf704b1dff62a96,2025-11-08 00:00:00,1,2025-10-10 00:00:00
39,54,phm.vn.ngn.54,7a8920dcd5b606a73c7137d4dd02f03a87ae271f88a7be5a32cde268d39c4454,2024-11-22 00:00:00,1,2024-10-24 00:00:00
40,55,hunh.hu.mai.55,5624701b04a01631d8bf50e8f34bb2e534c84b92519c661eb71816b8fafdb0ee,,1,2025-08-09 00:00:00
41,56,phm.anh.tun.56,e87c390f31f2dd26bd414ddaa40bf11ac59ae6dc958ca933b1abd747c6ca986a,2024-12-17 00:00:00,1,2024-11-18 00:00:00
42,60,hong.xun.phong.60,1a629d536b7a0ad732834a7966ec203b510a9f65c759eb76bcfc36ece95e62c8,,1,2025-06-05 00:00:00
43,61,gia.vy.61,c9ecdfc856e7996081e44b16c1b6b2f4246bbb457da5a3a85827f40b2a830116,2024-11-26 00:00:00,1,2024-10-28 00:00:00
44,62,h.anh.hng.62,f69d978ffe86075e7c26d34ed8f60ae4f9949e9b82c3a4cf85611ed3bf95ac06,2024-02-17 00:00:00,1,2024-01-19 00:00:00
45,63,hunh.xun.hnh.63,bce548f08c62d78a6c4ead8246a84dec0253c4d46ebfe5c296fdd90066b6e3d5,2024-08-25 00:00:00,1,2024-07-27 00:00:00
46,64,gia.chu.64,342e06ffa30e2143dfcd8bb29daa7f515ef09e3df5ff63858cf42f9effcb8adf,2024-07-23 00:00:00,1,2024-06-24 00:00:00
47,65,l.ngc.linh.65,43e4d792b3875466f9b67245b21bfa7f33c6528ae26793607b49dcb0b0b21435,,1,2024-03-31 00:00:00
48,66,nguyn.anh.linh.66,8aef5017fe1830923e0fa10ad95f5bd44c271bbb0bd25a619fab708b486f3df1,2024-08-28 00:00:00,1,2024-07-30 00:00:00
49,70,bi.hu.lm.70,e0fe25e69115eb563d87fa6330619bab351613a8c2d2ab767ca428eb6f73ca10,,1,2025-05-11 00:00:00
50,71,v.minh.lm.71,c4dd57286478333fdd057c543466ee1e432ac13efd5a2645298598f9601c7fa0,2025-03-02 00:00:00,1,2025-02-01 00:00:00
51,72,hu.nga.72,14c541ca0a1e95a24f8a5e1cc57ef0a140c923f671f7d88e58c11e38959e7e0a,2026-02-13 00:00:00,1,2026-01-15 00:00:00
52,73,v.gia.tun.73,82c3c33caa3d95a9157f1bfac5e6499faac84928896a1ef9736859fb1aa0b222,2025-09-13 00:00:00,1,2025-08-15 00:00:00
53,74,nguyn.xun.hnh.74,d3c2511ed3f4156431aafdc591463b46b3b1826cb1fd877db0879fd89a5df6fe,2024-02-25 00:00:00,1,2024-01-27 00:00:00
54,75,hu.trang.75,73de37faa7b66d8db07177a1d032cac07280645baeb97848d18bd28f283efd5b,,1,2025-12-17 00:00:00
55,76,nguyn.vn.linh.76,ec3814b168d76abf7debe14bf33014f33e4e5d36e9610beb9dd08f963d627daf,2025-01-24 00:00:00,1,2024-12-26 00:00:00
56,80,l.xun.hnh.80,f0c9af4139d9e3fb7c5eb45d35a201e3206f96891c316d8d638e52c926ec6406,,1,2025-08-28 00:00:00
57,81,nguyn.hu.hiu.81,4dcc052bcc44d9453b616fdb69e1319d5dc4ba322b992ebd4ed7252c42eac337,2026-03-03 00:00:00,1,2026-02-02 00:00:00
58,82,l.kim.lm.82,214ea232cddbcac07894cf48b3b63f54e211421c423b08b12150a4ece5d760bc,2025-08-13 00:00:00,1,2025-07-15 00:00:00
59,83,ng.xun.vy.83,68684e00fb45a2b548c02939320760f83a7f1c4af56079ca4aa8d6f63edc1733,2025-09-20 00:00:00,1,2025-08-22 00:00:00
60,84,l.th.h.84,1a2c438bebf13c296f87e4fac76cb3316a62b6c45e04f62cc36c7df9b80f4200,2025-04-03 00:00:00,1,2025-03-05 00:00:00
61,85,phan.gia.long.85,4b5587b19704d4090619c8f8415f3da2c46af7fc9ebe45aa0ecc6dbfdafafc2d,,1,2025-10-31 00:00:00
62,86,ng.thanh.khnh.86,18067f3903142f56f9e1bd136b569b79ef10a8e5e987da36183877b127c6f104,2024-12-06 00:00:00,1,2024-11-07 00:00:00
63,90,l.gia.ha.90,3a619d72e259c38d7ecfce0c3829d81a8903243a17bb5237ff301ce8ef649cb9,,1,2025-12-09 00:00:00
64,91,dng.kim.hnh.91,b011c1845c187135b97d886a268839ea0581e521856587bfdfa71ae9837fbe77,2024-10-28 00:00:00,1,2024-09-29 00:00:00
65,92,phan.vn.sn.92,73efd8c60560b5035a9f94308c1842ce868df08a2caf6b125a7336fe1ad7b2e9,2024-12-15 00:00:00,1,2024-11-16 00:00:00
66,93,phan.xun.dng.93,664fbe8f324ca061c334032e23f43415e05e5bf66234fab674e6a4c26c982bcb,2025-07-30 00:00:00,1,2025-07-01 00:00:00
67,94,ng.thanh.linh.94,69cb36d85fd5ca30dcc044871ac0b2f169856a6d9a5e4e52aaca6940264a8cd9,2026-02-25 00:00:00,1,2026-01-27 00:00:00
68,95,bi.c.linh.95,e9975bc90134cdc73ca2f64abcc6cb38231b01d967a699b52ce6f10e2067dc76,,1,2025-10-08 00:00:00
69,96,ng.th.hiu.96,74d9c4808f44f661c96cb03f1b5b626bb580d4f3696405a1fa722e303b0c6ca9,2025-08-22 00:00:00,1,2025-07-24 00:00:00
70,100,phan.quc.linh.100,2a071a7ae8fe0071e29d0b151d97e41559bf85d6794acaa08bcd8a4f323d1140,,1,2026-02-08 00:00:00
71,101,v.c.an.101,20e31e88cb9935a553c9342cee583a1657cd71e482f3b80eac22f11e7f4a5b2a,2024-12-10 00:00:00,1,2024-11-11 00:00:00
72,102,quc.linh.102,5800a58e5dd26ed10bacff001a5f40aecf9b2605bf93136e661b1b620ff900d8,2024-06-26 00:00:00,1,2024-05-28 00:00:00
73,103,phan.th.trang.103,cce9d73ab383b9af2840e5c8de9056639cee93af80fd04fd60ebf00230187c70,2024-07-09 00:00:00,1,2024-06-10 00:00:00
74,104,phm.hu.trang.104,97b7df5b2be9f98838c2b77b0bba37948f501fadcccdb1af6bd2317cc56837ac,2025-10-31 00:00:00,1,2025-10-02 00:00:00
75,105,ng.kim.phong.105,f32e6237cfdfe19564cc355a77b5d4cbf5f576cb2bd8e82e9f2dafc8ec6f7c23,,1,2024-02-12 00:00:00
76,106,v.vn.khnh.106,71548a98fbeca93735c925dc437c1dc1eb3392b6213f1e1c602da420c2b68a01,2024-08-23 00:00:00,1,2024-07-25 00:00:00
77,110,bi.th.mai.110,5740c4ef39e774870646c3449cc34aa1ede952a341e91fac57fa846bd4437558,,1,2026-03-05 00:00:00
78,111,hunh.thanh.giang.111,fe9f2f523323d9b02c9bd5ed4934fdeef2c31b0d161c37fd9127547521ffdc43,2024-03-25 00:00:00,1,2024-02-25 00:00:00
79,112,dng.c.ha.112,b4f59d5456487ad731b198ba3ce96a6e4cecaf3d1fc85fa01aff28f1c86ad87f,2025-06-22 00:00:00,1,2025-05-24 00:00:00
80,113,h.quc.giang.113,9e39fd284b36b34bbde11aa62990340117e0d0f67d5829fab41d00f079f2a497,2025-10-28 00:00:00,1,2025-09-29 00:00:00
81,114,phan.c.bnh.114,2247bef617e1d9ab09bb722b3d324da3ca35bb4d8551e29ddab30a8796ed48f4,2025-04-09 00:00:00,1,2025-03-11 00:00:00
82,115,phm.anh.hiu.115,f838bc89ff1528362f50139b71ea76086db17f256b9ac593b5586f1129f8f42f,,1,2025-09-03 00:00:00
83,116,v.anh.long.116,fe9d6be20a2e6f48946f22f929d8ce92ec5ce92fab4a8b11cda3ac24084b658f,2024-08-04 00:00:00,1,2024-07-06 00:00:00
84,120,phm.hu.vy.120,6b70768b52c9f3a193bdc7e4b7cb3a28c18e62bbf9a623722ad798fccd74be1a,,1,2025-01-23 00:00:00
85,121,v.gia.tun.121,6ee8de5187414a40ffa656a05ea7ea8cc7dbf682f547e16fdf19da4f7152c96b,2025-01-26 00:00:00,1,2024-12-28 00:00:00
86,122,l.quc.ngn.122,c6ac5844784b29e1846ee6fcef503bdbf5060c916e4d75ae07d8156df9334b1b,2025-08-10 00:00:00,1,2025-07-12 00:00:00
87,123,phm.xun.hnh.123,4f21b18a4c743a5da01bb3a4955dea0a0294a0b4f7977b454c7259e37b2e6c19,2026-04-27 00:00:00,1,2026-03-29 00:00:00
88,124,ng.gia.chu.124,16ff8641fe239494d1b6ea76266d34c83cb23e4a9d6fcdfba72bd4b20e621455,2025-10-06 00:00:00,1,2025-09-07 00:00:00
89,125,ng.minh.lm.125,4df106b73d37cb7dab2ec99c0e1866121c918560a1b2ba7ff7b6f264dbc6ecbf,,1,2025-04-03 00:00:00
90,126,hunh.kim.chu.126,ce15ff43ebc9ecccfa9112cc9994e6fe550657c2a35a9ce5f2f2a6e6e03b236a,2025-07-22 00:00:00,1,2025-06-23 00:00:00
91,130,phm.minh.phc.130,902a8e1e64bc780aea19fca1e4de8922fca0bf1bf8d245d945d42b4a02d04968,,1,2024-05-08 00:00:00
92,131,v.c.hiu.131,b3751efb43a172ab31df8d9734acf2f960f34ae6ed23e877b5dea4681064399a,2025-03-23 00:00:00,1,2025-02-22 00:00:00
93,132,ng.c.ngn.132,73cb39075ce250e1a07eef0003449bb0191a2d6fed24b472d6a90d1c174a88b7,2026-02-08 00:00:00,1,2026-01-10 00:00:00
94,133,l.vn.linh.133,fc1cd796588a409bbc0ff359c5f22ce7ceffc4015e217a42a02e88b4d58c4182,2025-12-07 00:00:00,1,2025-11-08 00:00:00
95,134,h.kim.phong.134,cc82b9008b248aef6de7036794b1af68a92280dc355e611c4914225fc81636a6,2026-04-21 00:00:00,1,2026-03-23 00:00:00
96,135,phan.hu.mai.135,f2649176bc5fa7c827e9e18ed0bad9bc3583070bcf9849ac8f1257ddeadafc1b,,1,2026-01-05 00:00:00
97,136,hunh.anh.ha.136,b4032f70ba12e64e2417df1d8c845923ddf8a2310d826bcd23795b283771bd90,2026-03-04 00:00:00,1,2026-02-03 00:00:00
98,140,bi.minh.phong.140,5973930570279f74ccd3049b1920f545922217c5bbc672baddbc313eff025143,,1,2024-12-14 00:00:00
99,141,ng.gia.nga.141,469ba7b8503b8392bfed637cbf3a9f796778379782ad37954411f13ed10c384c,2025-04-14 00:00:00,1,2025-03-16 00:00:00
100,142,dng.vn.vy.142,7fbf12d067424ed9cfd9c3ec1861a8d8ce386d7c0b3ecafdf822fed9240dfdb7,2025-10-19 00:00:00,1,2025-09-20 00:00:00
101,143,phm.hu.nga.143,2eb2867f09ce35791397fd404407a40262d880a3060229620795064659073cf4,2025-08-09 00:00:00,1,2025-07-11 00:00:00
102,144,hunh.quc.trang.144,9122e8f785fe4f916c1df561dd37d72d27eee65fdb854b8b33ed78973732e619,2025-11-14 00:00:00,1,2025-10-16 00:00:00
103,145,v.anh.linh.145,0856a88a5e9527b8f45736b4a0d73f22c2ac19df49858776619d89c1504b1020,,1,2024-08-23 00:00:00
104,146,nguyn.c.hiu.146,43c5a5ba34f80ce5869314ced98f1a479202c0afae453bcc0261368699619bca,2024-10-18 00:00:00,1,2024-09-19 00:00:00
105,150,bi.ngc.hiu.150,5ea2e4b9d21c8e75dec130e3f1b41ba010d8d2eda1d5e37222ab7459d85ef2ce,,1,2024-08-02 00:00:00
106,151,hong.minh.bnh.151,febe763cc73ee517690d562a7f4cda367a82f8873b8bef3ab46d0994b5659268,2026-03-12 00:00:00,1,2026-02-11 00:00:00
107,152,dng.anh.phc.152,3dcdb965f341bbacdfc0bed64f6edcd022bd0d22dc4dc50942b8d285d48603dd,2026-01-09 00:00:00,1,2025-12-11 00:00:00
108,153,bi.hu.h.153,0b4dc94b44126c9a3ead619b1a0be3b73c3f070c098ea5c223671159f1a9adef,2025-08-08 00:00:00,1,2025-07-10 00:00:00
109,154,trn.minh.sn.154,904dc0462642b17050873258073e5b9f24a4ddb331ea0211af8d5dab2659058d,2024-10-04 00:00:00,1,2024-09-05 00:00:00
110,155,trn.thanh.long.155,fd02ccaf3c5f2f502447696aef582f9efae3f78c548c71665a937105f3179b84,,1,2024-04-09 00:00:00
111,156,phm.c.khnh.156,97f0d0547ab2473bfb26435c18319d1430af3d9f7c6c5abebe6cc2b63dbecd29,2024-09-17 00:00:00,1,2024-08-19 00:00:00
112,160,gia.dng.160,6722391a62248933d9be940a92e3d246c4dd7efd2dcc98b4f583a8e9577a1bc7,,1,2024-03-14 00:00:00
113,161,xun.h.161,8631e74c0e93d21a721e682e17ba0e3c89cfad7411905b0e7706c3dafe85b0e8,2024-07-09 00:00:00,1,2024-06-10 00:00:00
114,162,l.thanh.phong.162,938c57091bae67092aaae8a7223160bf692ae9112b368718aada8922caba4abc,2025-05-09 00:00:00,1,2025-04-10 00:00:00
115,163,v.c.ngn.163,7e38824683f5eaf02286a9bb7532df2aa016b319a90515fc092240b1301fb32e,2025-11-09 00:00:00,1,2025-10-11 00:00:00
116,164,anh.hi.164,3359026bb2dae44d8c1e8145bbdea533698fbc37dff10e15f771a8067425121f,2024-03-21 00:00:00,1,2024-02-21 00:00:00
117,165,dng.thanh.lm.165,7c977690276729025aa16b2919315a8e511dbbcbb5dcc3fa03be614716652047,,1,2025-05-01 00:00:00
118,166,hong.c.h.166,f537743d9a8080d480c3578d2c7c3e0f42a655e3e8e22f24b65829e9f3324f84,2024-11-16 00:00:00,1,2024-10-18 00:00:00
119,170,h.ngc.nga.170,92f45da94e0fdd8cd9864537092951e981b41715475e8e6e0c7d76872ac38fd4,,1,2024-04-12 00:00:00
120,171,nguyn.c.sn.171,5684a694885ef7c3c5d4dbcb47d1627a0fc92d988007c879c47a5512e4e0b7c6,2024-03-29 00:00:00,1,2024-02-29 00:00:00
121,172,v.vn.phc.172,51f7873ce17799ab21a7beda6a1fae19da88386b484ce67c77547b56a2dd4819,2024-05-08 00:00:00,1,2024-04-09 00:00:00
122,173,phm.minh.trang.173,8c51238db10cd1351f4703eec3f278d52976622e779d08dd63319281c10f4354,2025-05-03 00:00:00,1,2025-04-04 00:00:00
123,174,kim.khnh.174,1e17c7c1479cd0dfea179ffb5af95400d1e28b9d9a36fe3d399338b91d9d76be,2025-11-02 00:00:00,1,2025-10-04 00:00:00
124,175,hong.hu.chu.175,c6eefb7e752eded59d9865df3a66155a9f8176046aa9538abbb5ce8daf6cbefc,,1,2024-06-02 00:00:00
125,176,xun.giang.176,34579d6c9679870057a6d92b42a940d10cf8a017deab1d6209206c7d6812326a,2025-08-19 00:00:00,1,2025-07-21 00:00:00
126,180,phm.th.hiu.180,beb978390369e3cbad741bfaae5c078f0695d40726edc9ea3cb43798d564ec5d,,1,2024-12-30 00:00:00
127,181,ng.ngc.ngn.181,b3396affd88278a27e842fe18e1bc01cd003c3f1a83d2595d60565bdcab73adf,2025-09-07 00:00:00,1,2025-08-09 00:00:00
128,182,v.minh.hnh.182,7af9c18d6277846dcbf928013d564bf5240b7ad07f8cf7b380d2198d1a214529,2026-04-09 00:00:00,1,2026-03-11 00:00:00
129,183,bi.thanh.an.183,82ceebd8b1807c8e30a540e154861709d5f3c098e90b0d3c2ce411a6365a9674,2024-04-07 00:00:00,1,2024-03-09 00:00:00
130,184,bi.anh.chu.184,0ed1951c26b36b93273d3cb1beaf6a375c1de12eb4eb44c1c45015627b610cd0,2025-12-28 00:00:00,1,2025-11-29 00:00:00
131,185,ng.th.hnh.185,89151a3db14858b0e4f2da9bacc003b4ea4aab538246e050b2b60f38ceeaab81,,1,2025-08-22 00:00:00
132,186,l.xun.nga.186,c103269fa0173387a5f63df5597fa503d21ccbd0cf0f78547c1c51c68b0273b2,2025-12-01 00:00:00,1,2025-11-02 00:00:00
133,190,phan.th.chu.190,2315b79f6efd3b2cc95008f402298a082ecb955dd2d5a542655fd94aebcaa8e4,,1,2024-12-11 00:00:00
134,191,nguyn.quc.qun.191,047f67552088b4e78b01674c16b1847f213f2f6b00cb38f62091705e94ca2e42,2025-04-19 00:00:00,1,2025-03-21 00:00:00
135,192,phan.xun.hi.192,b3162da1a4c58a4f7e84f22372995b0c571cb9351a0fa540f6c7158019f76d8d,2024-02-23 00:00:00,1,2024-01-25 00:00:00
136,193,l.thanh.nam.193,4b9eeace5f5ba66b17abfdb2d8bf47445486430df8e91641c42ee2ddcff1fe53,2024-05-22 00:00:00,1,2024-04-23 00:00:00
137,194,bi.c.ngn.194,209ea64fd7f75993f1d8bcd4ebfd985296ba818d242f3d93aa892c3afecb1dec,2026-02-17 00:00:00,1,2026-01-19 00:00:00
138,195,phan.hu.trang.195,8e4792617b3bbb52c9d0712d046aec6699cd9a1d730dd854b9e4130b716a1e08,,1,2024-04-29 00:00:00
139,196,phm.quc.yn.196,ac3873005b670203a16045ec01bf066e6b9f896e4661b5307750769580247f56,2025-08-06 00:00:00,1,2025-07-08 00:00:00
140,200,l.thanh.mai.200,ad0bde4045dbc079cd06946c7a7e4dd5c9d3f5f8f3f5240ca3969e74b492dd42,,1,2026-03-15 00:00:00
141,201,hong.gia.khnh.201,99d4424f5b05879269fb0013e1c09367a35a2d3537dd61b53a751a0c2784bb7d,2025-03-06 00:00:00,1,2025-02-05 00:00:00
142,202,h.kim.long.202,e7026430d2db2b2adca4b3edde55186d9e8f1a1e5b20c7d1f1ea2b8e0d9bd20b,2025-09-13 00:00:00,1,2025-08-15 00:00:00
143,203,bi.anh.sn.203,f45af0ad5db2fbdfa6ca10adf65790cfb52e5b2c6bda0908c0eb60cba1415a5f,2025-10-06 00:00:00,1,2025-09-07 00:00:00
144,204,trn.th.chu.204,e68e2179b8c7e0046507d3c9fc24bfed74806c3eeba7c8213c4147755fe0f1e8,2024-04-23 00:00:00,1,2024-03-25 00:00:00
145,205,l.ngc.yn.205,6ed8805bf7a293daddfcd4c9db71eed9e77a2edca37d8ffbd381d1d3f00a0f91,,1,2024-02-15 00:00:00
146,206,dng.xun.linh.206,1f994d57aec94426083f0da486b65a4eaffa3d5be08582e9233ce06a3b688f64,2025-05-26 00:00:00,1,2025-04-27 00:00:00
147,210,hunh.th.yn.210,2c8d17a47592785365185a355c49d0d14bdf7db89c0d8ee002882a621d3ac243,,1,2024-03-29 00:00:00
148,211,phm.kim.bnh.211,53728b04984dc20f27fca634314afe13c00fb5cfdd601010490d782c763e5c52,2026-01-15 00:00:00,1,2025-12-17 00:00:00
149,212,phm.gia.bnh.212,578f230a609e8b300505a7b6e80199a58b5d6122b28f9e238d30709396041394,2024-07-24 00:00:00,1,2024-06-25 00:00:00
150,213,phm.minh.mai.213,c9a372c9b943ec36dcb1e8011bcfee00bbc90d142c02a575c1b6fc36ac58a108,2025-07-09 00:00:00,1,2025-06-10 00:00:00
151,214,thanh.khnh.214,71599727404dc7e0568d418498c3a2f3b3eb30068c6b2005d872aa53a336e65e,2025-02-23 00:00:00,1,2025-01-25 00:00:00
152,215,v.anh.yn.215,61d768c5e3ca63ea020513c6fda9724f3b6dd54d15cf0a3a35f0fd04609a1caf,,1,2025-07-25 00:00:00
153,216,v.ngc.giang.216,a937cefb6ccc9fbd949435ce2216a185845de0a9df95713d8d0cf6a990f6232d,2025-04-14 00:00:00,1,2025-03-16 00:00:00
154,220,hunh.gia.linh.220,875a71975e58034229ba9bc5c3af5430d0f121c8ac4ad7b3aa871e37c79e5083,,1,2025-05-18 00:00:00
155,221,l.anh.an.221,d9652faa9c236abb6fdbe1675dcb45213c8047a6b25b08de4cb9e3cf9a47f84e,2025-01-09 00:00:00,1,2024-12-11 00:00:00
156,222,hong.gia.ngn.222,060e7f1d93f4a7ae50c695f90f9876cd3ace7118b6fb19f631b8d7031f0f49a3,2025-01-26 00:00:00,1,2024-12-28 00:00:00
157,223,nguyn.kim.vy.223,fa0f110072aec74c0b021163718551f48df27a72a8132592385e9bea971b14aa,2025-09-14 00:00:00,1,2025-08-16 00:00:00
158,224,phan.vn.ha.224,a353b172a2565bc474bdae8c544b6f4975cc5ac70844ccde4ae6b10436ed23f4,2024-04-03 00:00:00,1,2024-03-05 00:00:00
159,225,h.thanh.giang.225,931b22de08f6781237533fe8b4beb8bf45f75a39c695c9ccd1b9fc947a412dad,,1,2025-06-07 00:00:00
160,226,v.xun.trang.226,0f2fc1b8bbc360cfe9e3ee988915232bb764ac6cca3c4b3fe93048c9e952da38,2025-02-16 00:00:00,1,2025-01-18 00:00:00
161,230,phan.quc.lm.230,3d10aebee76557b95247d3525ac6bb4bdd64260a8176f0a2b802561e57036478,,1,2024-06-04 00:00:00
162,231,nguyn.gia.qun.231,45d90a8b5d5fa89ed0033d4d6f7733cd0c4db17aba3e6c7367599de78ace16d6,2025-08-05 00:00:00,1,2025-07-07 00:00:00
163,232,bi.minh.chu.232,c31d41d5f4e587e99b10e086c3777c9afb3be2a8526b248426a0313814ad9d2c,2026-04-18 00:00:00,1,2026-03-20 00:00:00
164,233,kim.nam.233,630883be1167c135695462922271a157cc49a9e5bf1c77773203848e2cdd6401,2025-11-29 00:00:00,1,2025-10-31 00:00:00
165,234,v.kim.yn.234,8cc52585214cb06b4acbecc876398b9753f19db1b2f5d16c19d1b6d0eac577dd,2024-09-23 00:00:00,1,2024-08-25 00:00:00
166,235,l.ngc.phong.235,9995880f4e70d72293e4ba138047e9af53ef018bc08030582eb76a157679675e,,1,2025-08-04 00:00:00
167,236,l.c.phong.236,48d302ba24c4799f2b1d7b0269ec3b0488b140caacc7c8660990c8e9dcfcd01e,2025-06-18 00:00:00,1,2025-05-20 00:00:00
168,240,ng.hu.giang.240,9b027fb312454ef3f3bcc1978e4319758edee6a63040f7338054dc9b07491140,,1,2024-08-13 00:00:00
169,241,ng.c.nga.241,e6cbb51d09aef2fd053a5d94fcc7469888e9a3b6b3c8883d36e572e65db06689,2026-03-07 00:00:00,1,2026-02-06 00:00:00
170,242,nguyn.hu.khnh.242,1af1d3256853e8f79a8a4dfbb66165b61bf7148605dcf19177ee3e266b66d955,2024-09-12 00:00:00,1,2024-08-14 00:00:00
171,243,ng.gia.bnh.243,44a2d6bf707d3e4e2c6fd4e670e32bcf11c2eef37a4a2848f3ad3e40ce6e254c,2025-05-09 00:00:00,1,2025-04-10 00:00:00
172,244,nguyn.th.ngn.244,44431ebea411da5955bf434f7731e2167386ea9b6d7114f6fbcf3ead16842db3,2024-06-15 00:00:00,1,2024-05-17 00:00:00
173,245,v.kim.phc.245,004ffc4b499aadc11ea1b1fbcaf0aa3f45009550ba56f8db0ae65086dc5697d3,,1,2026-02-05 00:00:00
174,246,hunh.ngc.vy.246,7f5ad20509e1d80d7efbb93dfb0168139956d07a094159098509ae0177cb6def,2024-02-17 00:00:00,1,2024-01-19 00:00:00
175,250,h.c.nam.250,48f2b1609c634ba8046055d20a313d62e45eaeafbae77a3ea34401c688afc379,,1,2024-10-23 00:00:00
176,251,trn.vn.ha.251,f2a69bbfe28caf0e839a3422a08b12fb8c2ef11c82740a184f651f08d5a359b2,2024-06-14 00:00:00,1,2024-05-16 00:00:00
177,252,bi.th.hiu.252,433528f64b7d1fc66ecc10ec02368a0f38125e0d4b4cfd0cb94213388d0afede,2024-10-01 00:00:00,1,2024-09-02 00:00:00
178,253,dng.gia.nga.253,09a0a08dd5e62d45f1b44cc688444e600e6ee523faec5b2e1c0d692f0802ec82,2024-04-18 00:00:00,1,2024-03-20 00:00:00
179,254,hu.vy.254,0052aa708a33cec11d812d2edba77ee9b2efaea7f7bab2c5398018aa49a5ff2a,2024-06-01 00:00:00,1,2024-05-03 00:00:00
180,255,hong.gia.lm.255,0ac2df999241ce9b4a20a9b87f4fd2be22359a30f1252dcf1d6e89d111653814,,1,2025-05-29 00:00:00
181,256,hunh.ngc.phc.256,8d835038ecb1314a2c2439ed5737da6ae65e3ce9edd2d574338fa32c42e854fb,2025-05-14 00:00:00,1,2025-04-15 00:00:00
182,260,ng.thanh.phc.260,318f864ae012b55c9beeca4ff32f1db2fb4007b8d3d15e05e7e2284772c29ef0,,1,2025-08-18 00:00:00
183,261,bi.vn.giang.261,879f3563d06484d03becff65b3128aed4e40e393232f73020471a342726b878b,2025-12-09 00:00:00,1,2025-11-10 00:00:00
184,262,phan.xun.an.262,e9b06c72cab4e37ed2a1b4d176fa20f0395721bbc4a68bb333c15e7a7bc3aebe,2026-03-14 00:00:00,1,2026-02-13 00:00:00
185,263,v.anh.long.263,e0422fe89d8c9f0f1b4d98c7e055fcf491caf1bc5e7c392eec3e991d4b918abd,2024-05-31 00:00:00,1,2024-05-02 00:00:00
186,264,phan.gia.vy.264,9224758b94b7d7c5a27ccd929259644f8a75976514ec7fb44aa06e1c781c35a6,2025-04-24 00:00:00,1,2025-03-26 00:00:00
187,265,l.ngc.chu.265,3eb658e6aaf11774049d9bc088e8696b37a093b7d6eefdc0e10972dd193fd23d,,1,2025-01-27 00:00:00
188,266,v.minh.vy.266,c79f821c0776d1688a296c499ef332f5f6e1205c4fc6be58ad23af3d755cb714,2024-03-22 00:00:00,1,2024-02-22 00:00:00
189,270,nguyn.xun.chu.270,6e918f0e3cf5a1acf5e0a271cb0ef69f4e667879eeac0c1143d128aa7441153b,,1,2024-12-03 00:00:00
190,271,dng.th.phc.271,b2577e2368454dd61c61af0735f5066a1e866c0d88fd3cc9eed8d015f6771ad1,2025-04-04 00:00:00,1,2025-03-06 00:00:00
191,272,dng.quc.phong.272,6e0e828ec310523fb621cf071e7aa44e4f93ee205841d1016aa2052d84787b97,2024-11-03 00:00:00,1,2024-10-05 00:00:00
192,273,dng.c.giang.273,c2aea47cfcf1db199306f58bb84db8c92d0cf56c478137e8b319db42d6fff906,2024-03-29 00:00:00,1,2024-02-29 00:00:00
193,274,phan.kim.yn.274,0de968efa5213c714af308a8472bf53ab05d69211423399353b0fc60b8ceffb7,2024-08-06 00:00:00,1,2024-07-08 00:00:00
194,275,v.vn.lm.275,ca9758a09d87fc93ec7781c975bb1c4da92950ea866e3449fb5c9e3f3cee35df,,1,2025-04-10 00:00:00
195,276,bi.anh.mai.276,822d909a5fec1b44e1beb541b630ff3fa14071a5067fb75670ea70907c9d10d0,2025-12-28 00:00:00,1,2025-11-29 00:00:00
196,280,trn.vn.an.280,56d3d9c166c42589f4984765be3393220a5d9d8a92d184c6ffeac99e151d46dd,,1,2024-05-19 00:00:00
197,281,trn.hu.yn.281,12361f078bf263507f913cd0654f4da0e51c740991edb4810c1414a02970921e,2025-07-24 00:00:00,1,2025-06-25 00:00:00
198,282,trn.minh.qun.282,389bdb54e0a61f6868400153d8b73dff5ccbcd534d3bb94815aa29664e7335e6,2026-03-13 00:00:00,1,2026-02-12 00:00:00
199,283,l.vn.mai.283,553979f90a11e2d573be6e48e1af6f65b7134c66df3430f062920f41f8aa1621,2024-07-29 00:00:00,1,2024-06-30 00:00:00
200,284,dng.quc.chu.284,52e4e04621f01c8947fcea3b95e4ac6b3fadc91fd72ed1d87ff147dd942e501d,2026-02-21 00:00:00,1,2026-01-23 00:00:00
201,285,ng.vn.hiu.285,d24514b8936ecc56f0d35a705632d714ffcd8d0de206c358cb609bb36d335eba,,1,2024-06-22 00:00:00
202,286,v.quc.ngn.286,e6357e4a2d55ecd4215ed1ea9a0207e795864b2eb710ef501498dc1d54b5e800,2026-01-18 00:00:00,1,2025-12-20 00:00:00
203,290,l.gia.hnh.290,846d80104fcef88aba6edf7b27602dcb71288884dbbc7a9624a8cdd7070ccabe,,1,2024-06-26 00:00:00
204,291,ng.th.mai.291,5d0cf87b142ddf6ad46072dedf72ad70aea0e77a04c9f01c4b7495d1d22b9f1b,2025-04-29 00:00:00,1,2025-03-31 00:00:00
205,292,l.quc.nam.292,c04d13cd438980a3f4d121a05e5cae169c8e4651736aa373b114b059f0efdf07,2025-04-30 00:00:00,1,2025-04-01 00:00:00
206,293,bi.hu.vy.293,52ddf46746df3f671cf0cbc2165e29b8a937f671a51669764c2c535bedcf57f2,2026-02-24 00:00:00,1,2026-01-26 00:00:00
207,294,ng.minh.sn.294,8563d47b9020f626b257bf07353cf07f57498a8ffd808c75171c8ba7adfe6565,2025-04-18 00:00:00,1,2025-03-20 00:00:00
208,295,hunh.c.nga.295,5d487ccf083a222384879922322b4b195f79c80a5e27631b66c17a7ec8159df3,,1,2025-04-14 00:00:00
209,296,h.xun.qun.296,63c30eb1adcdec8520a87ae9c71c99d3661207de92e4c2592aff7d9bdff59c5f,2025-12-17 00:00:00,1,2025-11-18 00:00:00
210,300,v.kim.ngn.300,039198e822549b10ed1f58ef1d841b6c04b7d0bb2da071d1ddb08ca9534e561d,,1,2024-11-06 00:00:00
211,301,bi.hu.mai.301,569bbfa55d9f240456222ce3695de163d735ed94ec9814e3e6a323bfe97e4908,2025-04-21 00:00:00,1,2025-03-23 00:00:00
212,302,th.khnh.302,bdfbeb185e1e533c10d42e7b8fe5749353990a31a3b7996ffd778d2283b7387e,2024-02-27 00:00:00,1,2024-01-29 00:00:00
213,303,bi.th.nam.303,f082375e3f3421a4b53ef1bc97d97df6f32dfbd93d23ef853b35aae306c1bd54,2024-11-10 00:00:00,1,2024-10-12 00:00:00
214,304,l.ngc.ha.304,343b07877805471210ac24c1b5c28cd88748c4e81ebdd0bb6da35ebf35982b59,2026-02-22 00:00:00,1,2026-01-24 00:00:00
215,305,trn.minh.an.305,0a34ea81d77ea34570d7715031f5e8af8ff92ead3384f9fff5e9f914b2b0ac6c,,1,2025-06-25 00:00:00
216,306,l.kim.hnh.306,663f94ce827bcdd41571932a654027c9676b5e79238986a6d45eb523a3bf2e78,2024-08-12 00:00:00,1,2024-07-14 00:00:00
217,310,trn.gia.mai.310,a69d305c6392e93a74a795d04c4f925c2898bc0877fed2808dd0eaa3cccc27b5,,1,2025-08-21 00:00:00
218,311,l.vn.qun.311,23967546d36917ecbc6d7929d60fd22a2ea20579bd7a94d7f7b516b27f57a400,2024-07-12 00:00:00,1,2024-06-13 00:00:00
219,312,ng.thanh.dng.312,50f54b94c286c423088507908303ce809612f69b4ab14f766d583b192ea99998,2025-11-20 00:00:00,1,2025-10-22 00:00:00
220,313,trn.th.hiu.313,c4b86d8a9dc53757341505b0a8a56b29d8a717616c5378fc5affb9476035be09,2026-03-13 00:00:00,1,2026-02-12 00:00:00
221,314,h.ngc.tun.314,245a46de7039eb138c3b48b21c91e682ae4529374f54743463cbe557d9dd22a7,2026-01-23 00:00:00,1,2025-12-25 00:00:00
222,315,ng.thanh.long.315,cb3a3f06ee5e83af28f969e24eb991872890792e73bf20b80747bd8de04d1f13,,1,2024-02-26 00:00:00
223,316,v.vn.lm.316,cb778767b13eadfdae76647179d311b80b2ee303e8caff033ff5372e17c2472c,2026-03-09 00:00:00,1,2026-02-08 00:00:00
224,320,v.thanh.hi.320,9dad028c639f0438d5404c5628d7a9fe3a8fa9265c39c658cfb80cb4366393ce,,1,2024-04-30 00:00:00
225,321,bi.kim.long.321,63b933ec74a5d4ee12defc7eecf59ded121f897669f674aa81656f7d16fcb293,2025-12-04 00:00:00,1,2025-11-05 00:00:00
226,322,ng.anh.phc.322,153792836a2b7b34eca936931602ded98b31495959604a2a0775cf04db7cac9c,2025-03-04 00:00:00,1,2025-02-03 00:00:00
227,323,nguyn.anh.vy.323,d080c39d56886775ad1ebe2bf8f4156e244bf960107fea6dc2c0a92a0d3f035d,2024-10-30 00:00:00,1,2024-10-01 00:00:00
228,324,ng.minh.hnh.324,1bb03e59c9981959c2f1985e8b4d9ecf36d94d682804178b54a6f8d5d4f79b48,2026-03-18 00:00:00,1,2026-02-17 00:00:00
229,325,phm.thanh.hi.325,393d85437286ef9904c4eb21dd75d21db51fcf7d17704077b3c5de3af6ec2d46,,1,2024-06-15 00:00:00
230,326,hunh.c.sn.326,f1a0091fbd9d524153dd7aeaa21057ab08cb9056a7b63b05f40e1703d1384bef,2025-05-23 00:00:00,1,2025-04-24 00:00:00
231,330,v.c.trang.330,944c741d04919a8e0b3a9faacb93a900114bf9cd19f41807da4b1e1cf7708827,,1,2025-02-09 00:00:00
232,331,ng.hu.hnh.331,eb0be21f46c2dc64dfefeeebb1a9d833cf7499567b51d07c4c7999eb6726dc0f,2026-01-18 00:00:00,1,2025-12-20 00:00:00
233,332,ng.hu.mai.332,4ba7f311830ea8f3d84c0746b83b59a8a40599f79024f94ff18ffb10ed3fb6ba,2025-01-13 00:00:00,1,2024-12-15 00:00:00
234,333,nguyn.anh.hiu.333,ebc9e7cad297cbf2cd08a188b5b9b15f13b19140c4602d5b4c986e531835ff8b,2025-12-31 00:00:00,1,2025-12-02 00:00:00
235,334,nguyn.vn.hng.334,31fcbd59bd86aa85204a2977f3c44f2321a2b4d3de3547f45a0ea039ad88573c,2026-01-31 00:00:00,1,2026-01-02 00:00:00
236,335,l.ngc.mai.335,01154b736d5409d88d243be4307838d3eb2260f9fc9e691c1a61673ea32accb3,,1,2025-12-29 00:00:00
237,336,ng.anh.nam.336,cd3cd73365eec727cc05ff51a399d82369ec40d477e7f32f9c3a6b792bcd896c,2025-12-07 00:00:00,1,2025-11-08 00:00:00
238,340,h.hu.ha.340,d1ce6a2c9d89c2d56fc9853269d9db552ec5b99527a1a95b40cf9192c410e84c,,1,2024-03-28 00:00:00
239,341,l.th.ha.341,34745fcbd0c919e72f0bc2a82d58e526f3b3a4449fb10b7e9ddbfb72e9d950a0,2025-12-02 00:00:00,1,2025-11-03 00:00:00
240,342,h.gia.phong.342,78759a0fec6cd7b2dd0d288eea26556c0ccbe3bb9cbd849ebddcc1f7ab58d901,2025-12-05 00:00:00,1,2025-11-06 00:00:00
241,343,dng.c.ha.343,61f3901b290c44f1c2f7b8a42e4243a5eea5371d277ebded00e770564b264686,2024-08-16 00:00:00,1,2024-07-18 00:00:00
242,344,trn.ngc.an.344,c500727aa3f577d1ea1c939833a7c5560bc41d9a7f0f8df537b16345ad4c4b12,2026-01-19 00:00:00,1,2025-12-21 00:00:00
243,345,phm.minh.chu.345,1517fff41d1a4c46471b6e2ad33c248e381a1f32e4d9db9604f53601df0f0887,,1,2025-02-07 00:00:00
244,346,hunh.kim.qun.346,067548597391aa258521d6aecf4303363c0a20b609977409cc9377b1e34050d7,2025-05-15 00:00:00,1,2025-04-16 00:00:00
245,350,bi.c.giang.350,5606b13c76499b6f7da67441485f6dda419c5d51df7fe5b9dad2ac520fe3d1f3,,1,2025-08-30 00:00:00
246,351,trn.thanh.mai.351,10701a2c0156c399e69eeaf86a9e98e91756141d59d69ad2c38e45d5ceef686a,2025-01-29 00:00:00,1,2024-12-31 00:00:00
247,352,v.quc.mai.352,51481478bccaddff14d829fea5fea26787b2f0bf6ae22b10089764322638af05,2025-07-12 00:00:00,1,2025-06-13 00:00:00
248,353,trn.xun.phong.353,2080f00838a5c27b9811a5de0d877099ad5c8adadcc3e8211280dc211152d4eb,2024-04-05 00:00:00,1,2024-03-07 00:00:00
249,354,trn.quc.long.354,872d6094f9b0f3c204690c9273f18360f78b40e4eab52e96c3658256d14ce6f6,2024-02-10 00:00:00,1,2024-01-12 00:00:00
250,355,h.thanh.linh.355,390f6c56ddcc568d04231759313199f86c16e8d3cc5c5cb4a3419e4df000ef1c,,1,2025-12-14 00:00:00
251,356,dng.hu.giang.356,fdbea2f467aa50cd8ab2364884e75fff273e969f0ce106f798b3651cba22d1b7,2024-04-29 00:00:00,1,2024-03-31 00:00:00
252,360,quc.dng.360,70c1e1601e6a30b1a36c1a7ae93c548ee4ed8c339c338b8553a8055198f7a1c5,,1,2026-03-14 00:00:00
253,361,ng.ngc.nam.361,93c289f1fed6baec48b22099908e17e909ab127c15788be1bbd0a482b8a51770,2025-03-15 00:00:00,1,2025-02-14 00:00:00
254,362,v.vn.trang.362,5b297f559996ebbb257b0463e0d47279ea74cbd3004f340e0c7b2225210dc395,2025-08-26 00:00:00,1,2025-07-28 00:00:00
255,363,phan.vn.ha.363,1b1d2ec7fa9bf2e6f36969f6f8eb40748541675f2fa3b671b1f04a5d24870ec2,2024-12-30 00:00:00,1,2024-12-01 00:00:00
256,364,l.minh.nam.364,4b5aedab429e6630c3bb29af963eca0b143285570a5837901179f12a98dc9de0,2025-12-29 00:00:00,1,2025-11-30 00:00:00
257,365,vn.ngn.365,7e1a423fd58db0e85ad9d103596528d04cd3964071560f287d854838bc540478,,1,2024-07-12 00:00:00
258,366,h.quc.hnh.366,f556754bb3f1f5baa9d4a510e95b30309711659dc0e5b12c9a454297c2c48028,2025-12-21 00:00:00,1,2025-11-22 00:00:00
259,370,dng.ngc.long.370,d1077b2f7641e698e775022df11cb84c9d7626dd8f6e0ded5af22fa4edc60381,,1,2024-01-03 00:00:00
260,371,hong.vn.h.371,61f732ae82ab97bb4194021285c0b385042d4a331e8d2f51fd385efb6f531f40,2024-05-18 00:00:00,1,2024-04-19 00:00:00
261,372,v.anh.hnh.372,d41939ac13f374115847fba6ff25b3b3de4db9470f8fec77e956538648642303,2025-07-14 00:00:00,1,2025-06-15 00:00:00
262,373,trn.hu.phc.373,71020f33189217e895b554dc543a1e3f595cb5f770cc897d98274e6dbfa49440,2024-03-19 00:00:00,1,2024-02-19 00:00:00
263,374,nguyn.quc.trang.374,4dbf6d64acee50c9ada2bde086901a47972dcce8fadeb755839a2b493ac42598,2025-04-11 00:00:00,1,2025-03-13 00:00:00
264,375,phan.th.hiu.375,fbcbf747302d47526673d12cbd02a9908e25a0f1fb898bfe7cbe7beac3f5f783,,1,2026-02-17 00:00:00
265,376,h.anh.hi.376,df2f1406f2864b0f80034d5d1074ca476cd3097ff204fe346284da0b27874455,2025-02-26 00:00:00,1,2025-01-28 00:00:00
266,380,nguyn.ngc.bnh.380,a4216f515bcfda2f98e66a1b32f055ad71d31476dd5eb21efbcc3b10af425867,,1,2025-08-16 00:00:00
267,381,h.vn.long.381,6312845b943b2fd8fef84fa1a2e6c3206ef2cdc7968b26fdb9bc3be14fff1c5b,2025-06-23 00:00:00,1,2025-05-25 00:00:00
268,382,h.vn.bnh.382,d00857635a6d8bc6746acdb03bfa774079669831ce8657510b1ec44de0f2cdf2,2025-05-29 00:00:00,1,2025-04-30 00:00:00
269,383,ng.ngc.bnh.383,8ad0b817d2fd5d9dfd0eb9315d91a6898f8df835daa3383e6ad9cba8f138e468,2025-07-18 00:00:00,1,2025-06-19 00:00:00
270,384,hunh.minh.dng.384,ce1844cca17cf4302646c52edb916270fb056d641f22855d3534d5f31bc26b8f,2024-04-05 00:00:00,1,2024-03-07 00:00:00
271,385,hunh.vn.chu.385,ce06f03d05056115695ddcb4251b3f94a7152913d4a72a1bab4781850cb37fbc,,1,2024-02-17 00:00:00
272,386,phm.minh.hi.386,b01731e123d6c8406aa8815d14daa3180dd30bd565cdc68ca009800714c60eb5,2024-10-30 00:00:00,1,2024-10-01 00:00:00
273,390,dng.thanh.ngn.390,162830b82caea791195f00505ad3da55f1ad0dc61e55517f2ec235a316ef9c2a,,1,2025-08-05 00:00:00
274,391,hunh.anh.lm.391,1596362b11fde24aea51633bf65c82a5441ad33cf414e540dcadc166c1792b7b,2024-11-04 00:00:00,1,2024-10-06 00:00:00
275,392,phm.gia.hi.392,4aaf2becdfeaadb3122a80fd06872c80581b3e513d52caf22df3b715043c2e1c,2025-02-22 00:00:00,1,2025-01-24 00:00:00
276,393,phan.xun.tun.393,9cc5268bbb9df3f8690c3fa74a8fbf142ca1956cb1886ade634ff11b541b7e30,2026-02-02 00:00:00,1,2026-01-04 00:00:00
277,394,phan.kim.linh.394,51ba940c266f043bfa03ea19948464f31cac8d4d83ebe736dec02ee6314d534b,2025-12-12 00:00:00,1,2025-11-13 00:00:00
278,395,h.kim.nga.395,9856b9132bf20a294abe9036a1bf02aabc5d685c61023b669617794fb9150993,,1,2025-05-22 00:00:00
279,396,v.thanh.hi.396,c43dc8b51a9288218ddddba1634c4b0b9077681781467c24630a3a656d8467df,2024-07-17 00:00:00,1,2024-06-18 00:00:00
280,400,l.kim.ngn.400,8ff51ad8d3ed01d1f4c0e2dae610770bd29be803cadcc240259fe37867853653,,1,2025-09-04 00:00:00
281,401,h.th.nam.401,03a7f59f178132513b495de37833e041b936a5608ba19ac37bf22fa8ac7a3277,2025-10-29 00:00:00,1,2025-09-30 00:00:00
282,402,trn.kim.giang.402,5b77f56fc2e94643079e20da385fa4de151ba04c46bfd628eed877c1f53a5a47,2026-01-21 00:00:00,1,2025-12-23 00:00:00
283,403,v.kim.lm.403,44ed049389d5408835e60d1f97f1cba77f277ecb8d7b80da08f372324be7ac4e,2024-05-30 00:00:00,1,2024-05-01 00:00:00
284,404,v.vn.phong.404,7e13b68d94fa1fadc6a3ee67549bb51c14b6f18103f644ad253fbea62211d82f,2024-04-15 00:00:00,1,2024-03-17 00:00:00
285,405,h.hu.h.405,c5bdec1cedaeead3c73c29d8d82f56d32a0dae41cb67e44333cccceb776f11e2,,1,2024-03-10 00:00:00
286,406,bi.gia.an.406,8a69d328dfe33d8aee16116f9a88864670f2b9dcbea72f3feb5ac1b7d64b6e6f,2024-12-26 00:00:00,1,2024-11-27 00:00:00
287,410,v.gia.h.410,555fd74add29d45019d010d8dd0e33be8d0c052c777268f0e4e9743c24023825,,1,2024-01-11 00:00:00
288,411,phan.kim.long.411,3c1ba6e1c0aa470730ba1caa4eee0185e9a40e8dcdd7d153541fdb9ef58b0301,2024-10-12 00:00:00,1,2024-09-13 00:00:00
289,412,v.c.linh.412,4f4c14c3631a401384a0c4f3d83f22b9d88864ea60ddd5672617120bce2a3368,2025-12-04 00:00:00,1,2025-11-05 00:00:00
290,413,hong.thanh.nga.413,c9f0c7da2a98f001b461a01df06703fbdbdaf4127881f0cd832bb8e7d1cb7c70,2026-02-15 00:00:00,1,2026-01-17 00:00:00
291,414,phan.c.ha.414,866f2970df78cf2d5443182ee9c0d332ac1f28b1451a49d8a5575ee6d52b40d1,2024-05-20 00:00:00,1,2024-04-21 00:00:00
292,415,vn.phc.415,84de8d1aae053d5076b60da5d45513528cb31e3ec6ed4427192eead14bbd0d36,,1,2025-10-21 00:00:00
293,416,ng.hu.yn.416,3ec5664d01df2a4eebe9f07541f7f4c22b13bad081b374bc95f57d878f589d8c,2024-02-19 00:00:00,1,2024-01-21 00:00:00
294,420,bi.xun.vy.420,b9b0986e3404dbba8a3576d86a6b8077f462ace6e2603e85a1658b804e4ff9c4,,1,2024-05-31 00:00:00
295,421,hunh.hu.lm.421,f95e1dc14c60c8c986c02e4cdcfc1b0f858720f0a15794f5c2892d0594b0c7b4,2024-04-28 00:00:00,1,2024-03-30 00:00:00
296,422,bi.hu.mai.422,eb00728c98d5071b8b3f64e8c6a27ff22b85296f04de587d0e8b95843d7caf7d,2025-11-02 00:00:00,1,2025-10-04 00:00:00
297,423,bi.kim.dng.423,4788fbe24d3788339c9b9d14edbd812cb13db9608b892a75a431c1855fb68449,2025-05-01 00:00:00,1,2025-04-02 00:00:00
298,424,trn.c.qun.424,6e353ffa14933979302dcc9964f4f8584d3bf19d7f0862d9395678547f9b1111,2025-02-08 00:00:00,1,2025-01-10 00:00:00
299,425,trn.hu.giang.425,6d3a0df914a9b831da9b499b7a1bf96acb237bf2aa22e09c89424373461f9e10,,1,2026-02-04 00:00:00
300,426,ng.thanh.vy.426,edfc234005e681433692d3003b127a749b99707517fb49f705a2deedda54d927,2025-01-12 00:00:00,1,2024-12-14 00:00:00
301,430,phan.th.nam.430,5fa924adf64715814026955e950409f3d8d2867a4cf503cd17e2dd2189419b7e,,1,2025-03-15 00:00:00
302,431,hong.minh.hi.431,d8f4edbcde6ea14ed0bde84aa4adf4073522f735b8e4bb21a98f5badfd52c5a3,2024-11-29 00:00:00,1,2024-10-31 00:00:00
303,432,trn.ngc.phc.432,f2f7329470209b3512b213050371b5690b4cd1124e5d0bc11a72a936ad263ede,2025-12-04 00:00:00,1,2025-11-05 00:00:00
304,433,phan.anh.phc.433,07544e04224dc28ba4ca407f306253f3de73bb7a12176461c15938400a3a17bf,2025-08-23 00:00:00,1,2025-07-25 00:00:00
305,434,phan.c.phc.434,8557ae0ba1855db9bc77153ce26d77ff5a9cbd9fc8baf8e05a43f884086da890,2025-05-08 00:00:00,1,2025-04-09 00:00:00
306,435,v.kim.yn.435,48e90a6a3b0bf26893285913c9d2efa2ef3c41f18695c75eb48c330957162c8b,,1,2024-11-19 00:00:00
307,436,v.anh.khnh.436,8b1a9e1d848b699de9faab4c31662237916578d827982ffcd439dea901a731ee,2024-10-23 00:00:00,1,2024-09-24 00:00:00
308,440,phan.quc.lm.440,38c5807f9e9feb659141064ecebccab12a58871fdf47926b629d382635e58174,,1,2024-07-11 00:00:00
309,441,l.gia.vy.441,cd2ecb15240b068cb4056fd79f55df1df1e8c7c05fd9b850e7fbf935c5550a4b,2025-10-17 00:00:00,1,2025-09-18 00:00:00
310,442,bi.xun.linh.442,c9da6a4a003a7e452df9eb4298f38c6348abf12b888c0319c1a847a4dedfc452,2024-11-10 00:00:00,1,2024-10-12 00:00:00
311,443,ng.th.phc.443,19ab0c57f717c4c541b58fb8cd23c779be951a83786848112b82f6d2b557433a,2024-05-29 00:00:00,1,2024-04-30 00:00:00
312,444,bi.hu.nga.444,dee480c64af948cee88041a45d2a1e5f57789429311b009b979131d5402a15b2,2025-10-21 00:00:00,1,2025-09-22 00:00:00
313,445,bi.ngc.hnh.445,bb0677b9a812e2b1ea4da243de2c0ac5fcd3554f49828e7811414263e906bb4e,,1,2024-04-27 00:00:00
314,446,hong.anh.hi.446,0162fb63df76005bf1001fa692c32fb297c3ac9e88c26123611fa8315d975bd1,2025-10-03 00:00:00,1,2025-09-04 00:00:00
315,450,h.vn.giang.450,dfac6676fed77643a237f8743c765ead05943ff96e49246e513890a57d8b6949,,1,2025-06-19 00:00:00
316,451,ngc.h.451,9a812d5d24205f14516060f1af94e85958974635230ca8f24e1c35101fab3fa2,2025-04-11 00:00:00,1,2025-03-13 00:00:00
317,452,phan.vn.hiu.452,d3a40125769b3eea40c0836754154432851415e4ab7c05531fc8b6083106fa93,2024-09-14 00:00:00,1,2024-08-16 00:00:00
318,453,trn.anh.khnh.453,a63104de9e1daad5ff219ba92761be9fe99419a2dba7c6f8d6bc5fd96484d0d8,2025-07-29 00:00:00,1,2025-06-30 00:00:00
319,454,hunh.anh.dng.454,848a7f413100545ff028b02e25864fb7b007a0fcd401fa716451e06e417bccbd,2024-02-21 00:00:00,1,2024-01-23 00:00:00
320,455,ng.quc.hi.455,6446b4d71db58744149730935e1d51ff2caa2ef93acf776bda52a0a77a9fecef,,1,2024-06-03 00:00:00
321,456,bi.kim.dng.456,15c63d7855f5e009d68ffb9ebf3ebfe8d683f566e5dd9290a69f4c3e2ab103d1,2024-05-15 00:00:00,1,2024-04-16 00:00:00
322,460,anh.h.460,8c4e0c7510971e033fb1423c9b2728b643246b09dd124e7e4c4760183921cc30,,1,2024-01-26 00:00:00
323,461,kim.linh.461,c199aabe77f93f167c39f39f1f45e76c318f15cb08482635f84aaebf7bd91c7d,2024-09-17 00:00:00,1,2024-08-19 00:00:00
324,462,ng.quc.chu.462,c6674c95d7385a90be570f5fcd60734dadea3ee0b4305c645538264ff71193d7,2024-05-21 00:00:00,1,2024-04-22 00:00:00
325,463,hong.minh.phc.463,6f589f9d9f475cc6c0e764a324028d88414918b64edc258e6137afbe8010465f,2024-02-20 00:00:00,1,2024-01-22 00:00:00
326,464,nguyn.ngc.sn.464,09a372b8c9a9fe975d1e32cc0aac24f5e8458ac67bdd7661f757a3f4f7a30c64,2024-08-09 00:00:00,1,2024-07-11 00:00:00
327,465,dng.hu.lm.465,70f4d95f0333b945f0c4f1136633b612bab0d69aae336fbca693eed9eef9d617,,1,2026-02-04 00:00:00
328,466,hunh.xun.h.466,38b83b1a6784ec2ee73d838a55c23f511b39ff47f4755ec0b560f2e3c99a949b,2024-09-20 00:00:00,1,2024-08-22 00:00:00
329,470,nguyn.kim.giang.470,08b85fdc163686b2e47a9f2265afb22f192781140ce03302c22957befdbc4be5,,1,2024-08-11 00:00:00
330,471,ng.thanh.giang.471,c2a3cbe0d270e6c8c43898f5350043dd4744e9f68e54791419228484824ca395,2026-01-29 00:00:00,1,2025-12-31 00:00:00
331,472,phan.thanh.qun.472,e081a5ac3a2b1bb7ec20b8f32d4c112b1031e158873b040b0f6e9bd6403309c1,2025-03-06 00:00:00,1,2025-02-05 00:00:00
332,473,v.xun.yn.473,d7a980a3dde235799544115ab7fca059d64e2aa0abceac46bcdd2b389d2bd1fe,2026-01-27 00:00:00,1,2025-12-29 00:00:00
333,474,l.ngc.dng.474,bfafd3b92b597db49c9689f0b096c1252fd7a212c926d58531352e0d317a78cf,2024-12-25 00:00:00,1,2024-11-26 00:00:00
334,475,hong.vn.khnh.475,ddd23963063daa6042c49d9c09cb8dfc4ea80a5762d0573a478b0977504ed912,,1,2025-09-11 00:00:00
335,476,hong.minh.giang.476,43e06390dd70f36d7f0b6ef7c1728047d5f00fe4522c8b6a33956642052637a3,2024-06-01 00:00:00,1,2024-05-03 00:00:00
336,480,nguyn.xun.phc.480,ba6524de3ff04281bed2c6d2c8c77315d401856b661315427dd0d398495c31ef,,1,2025-01-16 00:00:00
337,481,th.lm.481,d772c82ff3354995010ffaef0a4adc831d294e1a430142def8739fe988ba350d,2024-12-05 00:00:00,1,2024-11-06 00:00:00
338,482,ng.vn.phong.482,166f325709c68d0fc31ae6dea295848c08013bdb547f3aecd117cb8bf069e483,2024-05-06 00:00:00,1,2024-04-07 00:00:00
339,483,ng.kim.long.483,f17a73075cbf1e59635a392f574dbcb874af4fe21179bcfd6702aac88f155c4e,2026-04-25 00:00:00,1,2026-03-27 00:00:00
340,484,thanh.khnh.484,cf7cf089845f9e09459f65639c38330c639bc39cf3237946d8702696de61c7b7,2025-09-26 00:00:00,1,2025-08-28 00:00:00
341,485,dng.minh.mai.485,153494f6f9d3c1554c60285d2be702a9a054d8bdd1aeef4cb2bd03d60af8d53f,,1,2024-06-26 00:00:00
342,486,h.minh.phong.486,3da6949d99d7987b70fd0aa685a45decebc68932191d98f5e030649aa5c0aa72,2024-12-31 00:00:00,1,2024-12-02 00:00:00
343,490,l.gia.yn.490,383c0bde56245b3d17c2919780aa7a1498c8c1abd5eb709b8746335370624e35,,1,2025-05-09 00:00:00
344,491,phan.gia.nam.491,61a2a656fed1214931b8ed1af6f0d7a53338336a7608bff1efd95e9a9b8f2f1d,2025-12-10 00:00:00,1,2025-11-11 00:00:00
345,492,nguyn.hu.tun.492,03f2e508bff4d3cc286b863c23514e6cccc24a709e908933a5bb9bbf08b24ac1,2024-09-24 00:00:00,1,2024-08-26 00:00:00
346,493,ng.quc.trang.493,62ef82f579f3eb05c2c384192641c0b82e2dfd2bc0a5745a3d91aa4468f1b4b5,2025-03-10 00:00:00,1,2025-02-09 00:00:00
347,494,ng.gia.yn.494,dcfedd0550f3ef7991a405d50d3e7043ba12b73e92160537daa2bbee18dcd0de,2025-09-29 00:00:00,1,2025-08-31 00:00:00
348,495,bi.xun.phc.495,713a797cbd252736187d925f35e429f66e04086df1dfd21e5d430188d1c4d132,,1,2024-02-19 00:00:00
349,496,trn.quc.an.496,a16c07f32950c6b351a6b0a1de5e86480dc3a34a803d1806c40f20e6764976a3,2024-09-02 00:00:00,1,2024-08-04 00:00:00
350,500,phm.th.nga.500,353383e6e4d9f55bd5b24af48c16b042f9f8ba6f785499f337d1e687a45e6f4f,,1,2024-04-27 00:00:00
351,501,ng.vn.ha.501,a6393ef5230c16a289eb4f3f6c83ec3f463a1191ca3330205dedaccacce0f0a6,2024-02-07 00:00:00,1,2024-01-09 00:00:00
352,502,phan.th.nga.502,ccbb7611336877da8353a401ccc1b12739b847f90ad89807b1be110f55efb8b4,2026-03-08 00:00:00,1,2026-02-07 00:00:00
353,503,ng.kim.trang.503,678d735a97bb162c57ce8e7fed38d165a82c3dee82a271cad2baed428b75ffed,2025-01-16 00:00:00,1,2024-12-18 00:00:00
354,504,xun.vy.504,1f34a82ddc8d9167a524eefeb28421bdda186be2da5e30c69524df8d02d04827,2025-03-25 00:00:00,1,2025-02-24 00:00:00
355,505,v.anh.hng.505,b273978b9f23375eef61349c6f7d3a6a3132bc6404be982e78adc2c0d3028ba0,,1,2024-12-17 00:00:00
356,506,v.thanh.hi.506,3fc8efae7a4b8c972b16108305848efccc76cd28b3a6b7bbbed71f8a617739a8,2024-07-11 00:00:00,1,2024-06-12 00:00:00
357,510,hong.quc.phong.510,2a3c4907e0b72a7deb8e81617630fc595f5f08dd29a125305c3a422010a991e5,,1,2025-09-01 00:00:00
358,511,phm.minh.hng.511,1e983cce356528ef53cf31579f5a6e0c770e61efbb89d9407c1afbd1d9685834,2024-10-15 00:00:00,1,2024-09-16 00:00:00
359,512,ng.vn.mai.512,5d1d0d439d8e4e32e9786fbd69a43c890b2420ed6a7f333918274c242e8e86e3,2026-02-03 00:00:00,1,2026-01-05 00:00:00
360,513,hunh.ngc.hiu.513,6838803036059d756030043d4d151ddcf5bb2d8e1105cf0b62a8a5e32ea1b7f6,2025-02-27 00:00:00,1,2025-01-29 00:00:00
361,514,ng.quc.qun.514,fa80fc69686b32425c4937bf583151fefea98ec17d6091305c52ad91fb1b5db0,2025-08-07 00:00:00,1,2025-07-09 00:00:00
362,515,l.anh.qun.515,750e7801dd24f0325b9d58f0b5571017b9a6667cd36ae27da9311fafb60b610a,,1,2025-05-30 00:00:00
363,516,v.hu.giang.516,6247df531a7ec2a9cb9ffd466bbb613ebdfb7b9d7ebbdad929e26f9f0ec9bd16,2024-09-20 00:00:00,1,2024-08-22 00:00:00
364,520,phan.c.an.520,37134d418659cdb0ecf7042389ecd9add290b3a3695ce97da499b363af19a0b5,,1,2024-02-12 00:00:00
365,521,nguyn.c.vy.521,ac6c388b7dc4d3bed6fc6c90e5485bc24ef84b79b473149345421821c45911a2,2026-01-14 00:00:00,1,2025-12-16 00:00:00
366,522,l.ngc.trang.522,372ae1fffbf72ca7fad9420f9681e1cec2951804ca4bfd00cba1f7ece56e9ac5,2024-08-29 00:00:00,1,2024-07-31 00:00:00
367,523,phm.th.mai.523,2e7adcc47eec7c939daa277e681ba36213e0f21eb2bcd9f487aa8c8e42fbc38f,2026-03-26 00:00:00,1,2026-02-25 00:00:00
368,524,nguyn.minh.giang.524,51a07e1cf3391cb158c4b66da15a914b59e0e5054136d9d9a01b36c5908a671e,2024-10-22 00:00:00,1,2024-09-23 00:00:00
369,525,v.th.ngn.525,54b2de0e5f0a7a0a4458409fec722ade6f41bc554bdc48c5089ba097e8e80244,,1,2024-01-19 00:00:00
370,526,v.thanh.nam.526,2214169357c52c3f56e707dd8da27275cfb84ba08c979d17b354772548b9c2bc,2024-10-28 00:00:00,1,2024-09-29 00:00:00
371,530,dng.vn.khnh.530,b3539afc111b4009e873849a06dcffc9f1252f6c3c42c82009eac1fd3f2eee26,,1,2024-04-22 00:00:00
372,531,phan.th.ngn.531,e3b9bf2e5b4846fd3b8e2ca7b51f3e45e63ee8430e5cfd162ec4cf9b6cf679f6,2024-08-15 00:00:00,1,2024-07-17 00:00:00
373,532,hong.th.nga.532,f47e164787c81b3b2cac6ab5aab115ccd6ca0469ca12c82e499d25a6c66db234,2025-02-08 00:00:00,1,2025-01-10 00:00:00
374,533,l.quc.nga.533,ea21a31aa3ba0bbfdc552d1aa11765bd178675eabd69a64393334f545e63f5cb,2024-05-06 00:00:00,1,2024-04-07 00:00:00
375,534,l.anh.trang.534,97465b41714d518fabf95608ffbba8e538d4f8c5338a8b0134824e612a3023cf,2024-07-10 00:00:00,1,2024-06-11 00:00:00
376,535,bi.hu.trang.535,2ce97afcdffb58b494cfafd6c20e8fc6312c1e6ee55abf4a272a9d0e8e55e695,,1,2026-01-20 00:00:00
377,536,phm.th.ngn.536,7f64a58e08befd2987fbb5bf650a2caa2b85344e59749bc003c00b7fd0fd9204,2025-01-17 00:00:00,1,2024-12-19 00:00:00
378,540,phan.c.bnh.540,bd5d239dc7586234c4e0402ab8fe69134dd15815a78e4ebda07d749a0cb6f854,,1,2024-11-16 00:00:00
379,541,phm.vn.hng.541,2a9b45d0d2a4744022a6fa3787525df85586ea0bdcc605cf3bdac9082468dfb1,2025-12-05 00:00:00,1,2025-11-06 00:00:00
380,542,v.kim.hnh.542,b5df908363d0d1c1dedb3e91eb8f23b4617c8121ff3c1d934f6ec66efc96f7d0,2024-02-23 00:00:00,1,2024-01-25 00:00:00
381,543,bi.gia.yn.543,b7eb96545cd08e9cb1d26aaee37e48c89bcaa9713a132a14dc76e67ef0d2dbc2,2024-11-03 00:00:00,1,2024-10-05 00:00:00
382,544,l.anh.tun.544,d879db497faa3e0610abecc7bbc07006c58182d25690f157f9a369c14dc44f51,2025-03-09 00:00:00,1,2025-02-08 00:00:00
383,545,nguyn.kim.hiu.545,3ae5d5afd6a2b0eef9c6e80515c5bcb0077f13c118d82c13cda92354291792dc,,1,2024-01-27 00:00:00
384,546,dng.anh.giang.546,ff6866c98ae82060c60592a80c1157e386ca59f0099a431ad0f139338747e892,2025-06-21 00:00:00,1,2025-05-23 00:00:00
385,550,l.xun.hiu.550,5f7119a2f499e0d7f81e27586487a009decb57d6add25561bbd40548fd8788fd,,1,2025-06-15 00:00:00
386,551,c.trang.551,98b0f4ab6091a6d37e8f50dbd391c1b939b52de48a5ca95d98a6fca18b7a40e7,2024-08-14 00:00:00,1,2024-07-16 00:00:00
387,552,hunh.gia.ngn.552,6be276bbeabebfe9e6b5d214e4e0f507dba110f65695e04d47dbe4644fce3293,2024-07-16 00:00:00,1,2024-06-17 00:00:00
388,553,ng.xun.khnh.553,0efd49bdf22951d66bfb55c9afe46ccf49adbb2d6af60c98bdb3f8d4bd19becb,2025-09-11 00:00:00,1,2025-08-13 00:00:00
389,554,hunh.minh.giang.554,66dbd488fff4b022c0317cbfaf4419380222f539942d357fc69e9004113163e6,2024-12-23 00:00:00,1,2024-11-24 00:00:00
390,555,dng.quc.qun.555,ec859bebf35ee024e3cbc9837f6aecfbfdc0f6f4c54b9cbde6d919e2779eb4a4,,1,2024-08-08 00:00:00
391,556,ng.thanh.trang.556,b69e40766c7c0c35f1e56da0f76ba1dca3666206069e058936656d424e4942f0,2026-04-19 00:00:00,1,2026-03-21 00:00:00
392,560,h.hu.lm.560,f6850e2ec8b6eae48f917bc816a39a20d3582e28977f5b283cc2e092ad70d3df,,1,2025-07-09 00:00:00
393,561,trn.gia.sn.561,017a5ea69c1f4dd78f2d6758f1958642010b9bfe6bf8c27772bf8a493a67f893,2024-08-16 00:00:00,1,2024-07-18 00:00:00
394,562,phan.c.linh.562,d48503a775c2c000a4870307da65f237ee21ffc490956609b948e18957b5d6e0,2025-03-10 00:00:00,1,2025-02-09 00:00:00
395,563,nguyn.kim.an.563,fb8e476311a375abd2d2d77f917019dcfad71e2d775518784985857742649833,2024-06-19 00:00:00,1,2024-05-21 00:00:00
396,564,hunh.thanh.hi.564,3de7162636f5ee8c6061ba9e70b25b1289fb76aa1a78386780e2a5fa67948266,2025-02-20 00:00:00,1,2025-01-22 00:00:00
397,565,bi.thanh.giang.565,df6171403ed1f8d0f72da98bc9a81aee3406a62216efb402a44830a49890e731,,1,2024-05-12 00:00:00
398,566,v.kim.an.566,7846af059e4dc568e72bb4ca4a8739776b0385ce76f81b9bc3b113095d64d3a0,2025-03-31 00:00:00,1,2025-03-02 00:00:00
399,570,l.vn.h.570,1a635d840eb6749f52819693aa108dbb726ed53a2fad8ab3c488173c064fe9f5,,1,2024-07-08 00:00:00
400,571,hu.hiu.571,38b0ea324d98e95fad9b0810d927cfeaf2ba7218b8af57d7d1785b9769fd1a8a,2025-06-14 00:00:00,1,2025-05-16 00:00:00
401,572,ng.minh.h.572,fbbd6e6bdb323db298589ef9c2ddaf025893ed8d8cd5fdff92ce251c63892953,2026-02-05 00:00:00,1,2026-01-07 00:00:00
402,573,l.th.khnh.573,7b56daf613c5db4b4649cbe4ee7131cee3fdb56e26158436ff9cd2a3c7e974a2,2025-01-16 00:00:00,1,2024-12-18 00:00:00
403,574,trn.kim.hi.574,803c941357f3eba2abee5f5e7ea97cfbfda876f1b7fafa4947f0ff5b6f33f91b,2024-11-03 00:00:00,1,2024-10-05 00:00:00
404,575,h.quc.hi.575,0a911438f9f036992f61ab74c2770fd7c15bd97748c6a26a87047b0fdf9302bc,,1,2024-08-16 00:00:00
405,576,phan.thanh.sn.576,f4a6fb56365f1348256879191f50548f34b60067927b093beda1715e3a61c773,2025-08-04 00:00:00,1,2025-07-06 00:00:00
406,580,nguyn.c.phc.580,c05e5e0f65be841f20cfcdb82a10c5000495fa3811db6866b820bfcea0e21b88,,1,2025-05-04 00:00:00
407,581,phan.thanh.yn.581,8c764543fd5f869af71cab6a3b8e9210fbf5f3941608dbd7da4aa5bacd309797,2024-05-10 00:00:00,1,2024-04-11 00:00:00
408,582,hunh.th.hng.582,ac3deca64d29b87e6e2a9cf94c48939e6f800b452ea2214036ca11035cb0d3fe,2024-06-12 00:00:00,1,2024-05-14 00:00:00
409,583,phm.anh.yn.583,766be4f3f9e6d839c23bd07bcb0f07d80f643d2a56e313538d8e6764d21772b3,2024-08-24 00:00:00,1,2024-07-26 00:00:00
410,584,hunh.xun.khnh.584,4abe6145837c5b08533891f781ad1b3957c6ab2f43ce6d3e5447263980850529,2026-04-22 00:00:00,1,2026-03-24 00:00:00
411,585,v.ngc.yn.585,980a2e2a1a22876c774c76389a196635a120743cd54fc0602445901a6b57626a,,1,2024-05-21 00:00:00
412,586,bi.gia.an.586,c9acbe73147826ffa2c28f866b9ec7ccf9e4d7c9f8b96df3888d70ca5c618ef6,2025-11-15 00:00:00,1,2025-10-17 00:00:00
413,590,bi.thanh.yn.590,e95dc601b541ad8b82cb69e59b9f0c729f8ba1a7e70472deed7de93cb8e0e3c2,,1,2025-01-13 00:00:00
414,591,xun.an.591,4682b28874a57fdc5169e81617b27738ea33ef29a4c33412f366a4dea296f62b,2024-11-02 00:00:00,1,2024-10-04 00:00:00
415,592,phan.hu.h.592,2e8773ac98534e49ec778b8417065110d4a0b3534370dbbf9ea51b4c8b84c165,2024-09-21 00:00:00,1,2024-08-23 00:00:00
416,593,h.vn.h.593,0faaf7528107520ed76754bede7db84a617cd1e780ef961767fc4422c5650227,2024-08-17 00:00:00,1,2024-07-19 00:00:00
417,594,gia.nga.594,4c82b582629559b19c8f8fe66ca59243ded04b61b5c95ed19a6114b699f5a72b,2024-07-22 00:00:00,1,2024-06-23 00:00:00
418,595,hong.vn.dng.595,da3264296977908c779bb79819bbcb7a54c33a573a785266769b63c3fb8882bb,,1,2025-12-16 00:00:00
419,596,ng.th.khnh.596,8fa8f55249937d95e3b9a372014b401a0bb8a3bf0c81f6659fffe8773a960870,2025-10-07 00:00:00,1,2025-09-08 00:00:00
420,600,ng.c.ngn.600,f155944a6cb93fa6399480540b0cb00983a61713fe16879854d8faa14b3af73e,,1,2025-05-26 00:00:00
