LoanPaymentID,LoanID,PaymentDate,AmountPaid,PrincipalPaid,InterestPaid,PenaltyFee,PaymentChannel,EmployeeID,Note
1,1,2024-08-19 00:00:00,105645060,105005403,639657,0,Counter,32,Đóng tại quầy
2,1,2024-09-18 00:00:00,105645060,105005403,639657,0,System,,Chuyển khoản
3,2,2025-04-11 00:00:00,1091827,1082733,9094,0,Counter,27,Đóng tại quầy
4,2,2025-05-11 00:00:00,1091827,1082733,9094,0,InternetBanking,,Internet banking
5,2,2025-06-10 00:00:00,1091827,1082733,9094,0,InternetBanking,,Internet banking
6,2,2025-07-10 00:00:00,1091827,1082733,9094,0,InternetBanking,,Internet banking
7,2,2025-08-09 00:00:00,1091827,1082733,9094,0,InternetBanking,,Internet banking
8,2,2025-09-08 00:00:00,1091828,1082734,9094,0,InternetBanking,,Internet banking
9,2,2025-10-08 00:00:00,1091828,1082734,9094,0,InternetBanking,,Internet banking
10,2,2025-11-07 00:00:00,1091828,1082734,9094,0,InternetBanking,,Internet banking
11,2,2025-12-07 00:00:00,1091828,1082734,9094,0,System,,Chuyển khoản
12,2,2026-01-06 00:00:00,1091828,1082734,9094,0,System,,Chuyển khoản
13,3,2024-08-14 00:00:00,85653177,84906005,747172,0,Counter,10,Đóng tại quầy
14,3,2024-09-13 00:00:00,85653177,84906005,747172,0,InternetBanking,,Internet banking
15,3,2024-10-13 00:00:00,85653177,84906005,747172,0,InternetBanking,,Internet banking
16,3,2024-11-12 00:00:00,85653178,84906006,747172,0,InternetBanking,,Internet banking
17,3,2024-12-12 00:00:00,85653178,84906006,747172,0,InternetBanking,,Internet banking
18,3,2025-01-11 00:00:00,85653178,84906006,747172,0,Counter,38,Đóng tại quầy
19,4,2024-12-24 00:00:00,19083739,18976837,106902,0,System,,Chuyển khoản
20,4,2025-01-23 00:00:00,19083740,18976838,106902,0,InternetBanking,,Internet banking
21,5,2025-10-08 00:00:00,9478737,9411524,67213,0,System,,Chuyển khoản
22,5,2025-11-07 00:00:00,9478738,9411525,67213,0,Counter,27,Đóng tại quầy
23,5,2025-12-07 00:00:00,9478738,9411525,67213,0,System,,Chuyển khoản
24,5,2026-01-06 00:00:00,9478738,9411525,67213,0,InternetBanking,,Internet banking
25,6,2025-10-07 00:00:00,7107108,7052452,54656,0,Counter,47,Đóng tại quầy
26,6,2025-11-06 00:00:00,7107108,7052452,54656,0,InternetBanking,,Internet banking
27,6,2025-12-06 00:00:00,7107108,7052452,54656,0,InternetBanking,,Internet banking
28,6,2026-01-05 00:00:00,7107108,7052452,54656,0,System,,Chuyển khoản
29,6,2026-02-04 00:00:00,7107108,7052452,54656,0,Counter,46,Đóng tại quầy
30,6,2026-03-06 00:00:00,7107108,7052452,54656,0,InternetBanking,,Internet banking
31,7,2025-05-06 00:00:00,15701375,15543864,157511,0,InternetBanking,,Internet banking
32,7,2025-06-05 00:00:00,15701376,15543865,157511,0,InternetBanking,,Internet banking
33,7,2025-07-05 00:00:00,15701376,15543865,157511,0,InternetBanking,,Internet banking
34,7,2025-08-04 00:00:00,15701376,15543865,157511,0,InternetBanking,,Internet banking
35,8,2024-04-07 00:00:00,100022234,98951089,1071145,0,Counter,1,Đóng tại quầy
36,8,2024-05-07 00:00:00,100022235,98951090,1071145,0,Counter,32,Đóng tại quầy
37,9,2025-04-17 00:00:00,42243874,42014197,229677,0,InternetBanking,,Internet banking
38,11,2025-06-25 00:00:00,103945561,103089915,855646,0,Counter,10,Đóng tại quầy
39,11,2025-07-25 00:00:00,103945561,103089915,855646,0,System,,Chuyển khoản
40,11,2025-08-24 00:00:00,103945561,103089915,855646,0,Counter,9,Đóng tại quầy
41,11,2025-09-23 00:00:00,103945561,103089915,855646,0,System,,Chuyển khoản
42,12,2025-11-27 00:00:00,15569112,15433809,135303,0,System,,Chuyển khoản
43,12,2025-12-27 00:00:00,15569112,15433809,135303,0,Counter,41,Đóng tại quầy
44,12,2026-01-26 00:00:00,15569112,15433809,135303,0,InternetBanking,,Internet banking
45,12,2026-02-25 00:00:00,15569113,15433810,135303,0,System,,Chuyển khoản
46,12,2026-03-27 00:00:00,15569113,15433810,135303,0,InternetBanking,,Internet banking
47,13,2025-09-09 00:00:00,89892699,89301819,590880,0,InternetBanking,,Internet banking
48,13,2025-10-09 00:00:00,89892700,89301820,590880,0,InternetBanking,,Internet banking
49,13,2025-11-08 00:00:00,89892700,89301820,590880,0,Counter,1,Đóng tại quầy
50,14,2024-04-28 00:00:00,58323632,57254008,573971,495653,InternetBanking,,Internet banking
51,14,2024-05-28 00:00:00,57827980,57254009,573971,0,Counter,11,Đóng tại quầy
52,15,2025-06-05 00:00:00,93678966,92970839,708127,0,System,,Chuyển khoản
53,15,2025-07-05 00:00:00,93678967,92970840,708127,0,InternetBanking,,Internet banking
54,17,2025-07-12 00:00:00,18158194,17992068,166126,0,InternetBanking,,Internet banking
55,17,2025-08-11 00:00:00,18158195,17992069,166126,0,InternetBanking,,Internet banking
56,18,2024-09-01 00:00:00,191620207,189962782,1657425,0,InternetBanking,,Internet banking
57,19,2024-08-02 00:00:00,6872089,6825223,46866,0,Counter,12,Đóng tại quầy
58,19,2024-09-01 00:00:00,6872089,6825223,46866,0,InternetBanking,,Internet banking
59,19,2024-10-01 00:00:00,6872089,6825223,46866,0,System,,Chuyển khoản
60,19,2024-10-31 00:00:00,6872089,6825223,46866,0,Counter,44,Đóng tại quầy
61,19,2024-11-30 00:00:00,6872089,6825223,46866,0,System,,Chuyển khoản
62,19,2024-12-30 00:00:00,6872089,6825223,46866,0,System,,Chuyển khoản
63,19,2025-01-29 00:00:00,6872090,6825224,46866,0,Counter,12,Đóng tại quầy
64,19,2025-02-28 00:00:00,6872090,6825224,46866,0,InternetBanking,,Internet banking
65,19,2025-03-30 00:00:00,6872090,6825224,46866,0,System,,Chuyển khoản
66,19,2025-04-29 00:00:00,6872090,6825224,46866,0,InternetBanking,,Internet banking
67,19,2025-05-29 00:00:00,6872090,6825224,46866,0,System,,Chuyển khoản
68,19,2025-06-28 00:00:00,6872090,6825224,46866,0,InternetBanking,,Internet banking
69,19,2025-07-28 00:00:00,6872090,6825224,46866,0,Counter,6,Đóng tại quầy
70,19,2025-08-27 00:00:00,6872090,6825224,46866,0,InternetBanking,,Internet banking
71,19,2025-09-26 00:00:00,6872090,6825224,46866,0,Counter,35,Đóng tại quầy
72,20,2024-08-16 00:00:00,25234925,24978274,256651,0,System,,Chuyển khoản
73,20,2024-09-15 00:00:00,25234925,24978274,256651,0,Counter,22,Đóng tại quầy
74,21,2025-02-11 00:00:00,20972077,20865663,106414,0,InternetBanking,,Internet banking
75,21,2025-03-13 00:00:00,20972077,20865663,106414,0,System,,Chuyển khoản
76,21,2025-04-12 00:00:00,20972078,20865664,106414,0,Counter,1,Đóng tại quầy
77,21,2025-05-12 00:00:00,20972078,20865664,106414,0,Counter,38,Đóng tại quầy
78,21,2025-06-11 00:00:00,20972078,20865664,106414,0,System,,Chuyển khoản
79,21,2025-07-11 00:00:00,20972078,20865664,106414,0,Counter,18,Đóng tại quầy
80,21,2025-08-10 00:00:00,20972078,20865664,106414,0,InternetBanking,,Internet banking
81,21,2025-09-09 00:00:00,20972078,20865664,106414,0,InternetBanking,,Internet banking
82,23,2025-08-12 00:00:00,24608440,24356955,251485,0,Counter,10,Đóng tại quầy
83,23,2025-09-11 00:00:00,24608440,24356955,251485,0,Counter,25,Đóng tại quầy
84,23,2025-10-11 00:00:00,24608441,24356956,251485,0,Counter,46,Đóng tại quầy
85,23,2025-11-10 00:00:00,24608441,24356956,251485,0,Counter,47,Đóng tại quầy
86,24,2024-06-23 00:00:00,2804369,2773583,30786,0,System,,Chuyển khoản
87,24,2024-07-23 00:00:00,2804369,2773583,30786,0,InternetBanking,,Internet banking
88,24,2024-08-22 00:00:00,2804370,2773584,30786,0,InternetBanking,,Internet banking
89,24,2024-09-21 00:00:00,3587088,2773584,30786,782718,Counter,9,Đóng tại quầy
90,24,2024-10-21 00:00:00,2804370,2773584,30786,0,InternetBanking,,Internet banking
91,24,2024-11-20 00:00:00,3510205,2773584,30786,705835,Counter,24,Đóng tại quầy
92,24,2024-12-20 00:00:00,3245180,2773584,30786,440810,InternetBanking,,Internet banking
93,24,2025-01-19 00:00:00,2804370,2773584,30786,0,InternetBanking,,Internet banking
94,24,2025-02-18 00:00:00,2804370,2773584,30786,0,System,,Chuyển khoản
95,24,2025-03-20 00:00:00,2804370,2773584,30786,0,System,,Chuyển khoản
96,24,2025-04-19 00:00:00,2804370,2773584,30786,0,Counter,18,Đóng tại quầy
97,24,2025-05-19 00:00:00,2804370,2773584,30786,0,InternetBanking,,Internet banking
98,24,2025-06-18 00:00:00,2804370,2773584,30786,0,Counter,24,Đóng tại quầy
99,26,2025-08-19 00:00:00,61936892,61427556,509336,0,System,,Chuyển khoản
100,26,2025-09-18 00:00:00,61936893,61427557,509336,0,Counter,18,Đóng tại quầy
101,26,2025-10-18 00:00:00,61936893,61427557,509336,0,Counter,40,Đóng tại quầy
102,26,2025-11-17 00:00:00,61936893,61427557,509336,0,System,,Chuyển khoản
103,27,2025-08-27 00:00:00,55061729,54637379,424350,0,Counter,12,Đóng tại quầy
104,27,2025-09-26 00:00:00,55061729,54637379,424350,0,InternetBanking,,Internet banking
105,27,2025-10-26 00:00:00,55061729,54637379,424350,0,Counter,24,Đóng tại quầy
106,27,2025-11-25 00:00:00,55061730,54637380,424350,0,InternetBanking,,Internet banking
107,27,2025-12-25 00:00:00,55061730,54637380,424350,0,InternetBanking,,Internet banking
108,28,2024-12-25 00:00:00,9590772,9520165,70607,0,Counter,34,Đóng tại quầy
109,28,2025-01-24 00:00:00,9590772,9520165,70607,0,Counter,7,Đóng tại quầy
110,28,2025-02-23 00:00:00,9590773,9520166,70607,0,System,,Chuyển khoản
111,28,2025-03-25 00:00:00,9590773,9520166,70607,0,Counter,27,Đóng tại quầy
112,29,2025-01-01 00:00:00,24079693,23962278,117415,0,System,,Chuyển khoản
113,29,2025-01-31 00:00:00,24079694,23962279,117415,0,InternetBanking,,Internet banking
114,29,2025-03-02 00:00:00,24079694,23962279,117415,0,System,,Chuyển khoản
115,29,2025-04-01 00:00:00,24079694,23962279,117415,0,System,,Chuyển khoản
116,30,2025-03-14 00:00:00,32193084,31957399,235685,0,InternetBanking,,Internet banking
117,30,2025-04-13 00:00:00,32193084,31957399,235685,0,InternetBanking,,Internet banking
118,30,2025-05-13 00:00:00,32193085,31957400,235685,0,Counter,37,Đóng tại quầy
119,30,2025-06-12 00:00:00,32193085,31957400,235685,0,Counter,10,Đóng tại quầy
120,30,2025-07-12 00:00:00,32193085,31957400,235685,0,Counter,31,Đóng tại quầy
121,30,2025-08-11 00:00:00,32193085,31957400,235685,0,Counter,26,Đóng tại quầy
122,30,2025-09-10 00:00:00,32193085,31957400,235685,0,Counter,4,Đóng tại quầy
123,30,2025-10-10 00:00:00,32193085,31957400,235685,0,System,,Chuyển khoản
124,30,2025-11-09 00:00:00,32193085,31957400,235685,0,System,,Chuyển khoản
125,31,2024-09-07 00:00:00,58785739,58326901,458838,0,System,,Chuyển khoản
126,31,2024-10-07 00:00:00,59158524,58326901,458838,372785,InternetBanking,,Internet banking
127,31,2024-11-06 00:00:00,58785739,58326901,458838,0,Counter,37,Đóng tại quầy
128,31,2024-12-06 00:00:00,59168177,58326901,458838,382438,Counter,24,Đóng tại quầy
129,31,2025-01-05 00:00:00,58785739,58326901,458838,0,InternetBanking,,Internet banking
130,31,2025-02-04 00:00:00,59212481,58326901,458838,426742,Counter,5,Đóng tại quầy
131,32,2024-09-19 00:00:00,27814674,27621782,192892,0,Counter,31,Đóng tại quầy
132,32,2024-10-19 00:00:00,27814674,27621782,192892,0,System,,Chuyển khoản
133,32,2024-11-18 00:00:00,27814674,27621782,192892,0,System,,Chuyển khoản
134,32,2024-12-18 00:00:00,27814674,27621782,192892,0,Counter,18,Đóng tại quầy
135,32,2025-01-17 00:00:00,27814675,27621783,192892,0,System,,Chuyển khoản
136,32,2025-02-16 00:00:00,27814675,27621783,192892,0,Counter,42,Đóng tại quầy
137,32,2025-03-18 00:00:00,27814675,27621783,192892,0,Counter,11,Đóng tại quầy
138,32,2025-04-17 00:00:00,27814675,27621783,192892,0,System,,Chuyển khoản
139,32,2025-05-17 00:00:00,27814675,27621783,192892,0,Counter,1,Đóng tại quầy
140,32,2025-06-16 00:00:00,27814675,27621783,192892,0,InternetBanking,,Internet banking
141,32,2025-07-16 00:00:00,27814675,27621783,192892,0,System,,Chuyển khoản
142,32,2025-08-15 00:00:00,27814675,27621783,192892,0,InternetBanking,,Internet banking
143,32,2025-09-14 00:00:00,27814675,27621783,192892,0,System,,Chuyển khoản
144,33,2025-12-01 00:00:00,67555927,66774114,781813,0,InternetBanking,,Internet banking
145,33,2025-12-31 00:00:00,67555927,66774114,781813,0,System,,Chuyển khoản
146,35,2026-02-07 00:00:00,20904641,20742847,161794,0,System,,Chuyển khoản
147,35,2026-03-09 00:00:00,20904642,20742848,161794,0,InternetBanking,,Internet banking
148,36,2025-02-03 00:00:00,38362523,37971418,391105,0,Counter,9,Đóng tại quầy
149,36,2025-03-05 00:00:00,38362523,37971418,391105,0,InternetBanking,,Internet banking
150,36,2025-04-04 00:00:00,38362523,37971418,391105,0,System,,Chuyển khoản
151,36,2025-05-04 00:00:00,38362523,37971418,391105,0,Counter,10,Đóng tại quầy
152,37,2024-09-14 00:00:00,24787319,24574748,212571,0,Counter,42,Đóng tại quầy
153,37,2024-10-14 00:00:00,24787319,24574748,212571,0,Counter,15,Đóng tại quầy
154,37,2024-11-13 00:00:00,24787319,24574748,212571,0,System,,Chuyển khoản
155,37,2024-12-13 00:00:00,24787319,24574748,212571,0,InternetBanking,,Internet banking
156,37,2025-01-12 00:00:00,24787320,24574749,212571,0,InternetBanking,,Internet banking
157,37,2025-02-11 00:00:00,24787320,24574749,212571,0,System,,Chuyển khoản
158,37,2025-03-13 00:00:00,24787320,24574749,212571,0,System,,Chuyển khoản
159,37,2025-04-12 00:00:00,24787320,24574749,212571,0,InternetBanking,,Internet banking
160,38,2024-10-26 00:00:00,4235851,4209960,25891,0,System,,Chuyển khoản
161,38,2024-11-25 00:00:00,4577932,4209960,25891,342081,Counter,18,Đóng tại quầy
162,38,2024-12-25 00:00:00,4769607,4209960,25891,533756,Counter,8,Đóng tại quầy
163,40,2025-06-17 00:00:00,129081005,127924356,1156649,0,Counter,15,Đóng tại quầy
164,40,2025-07-17 00:00:00,129081005,127924356,1156649,0,InternetBanking,,Internet banking
165,40,2025-08-16 00:00:00,129081006,127924357,1156649,0,InternetBanking,,Internet banking
166,42,2024-10-17 00:00:00,87936378,87081528,854850,0,System,,Chuyển khoản
167,42,2024-11-16 00:00:00,87936379,87081529,854850,0,Counter,5,Đóng tại quầy
168,43,2025-06-17 00:00:00,134346433,133274683,1071750,0,InternetBanking,,Internet banking
169,43,2025-07-17 00:00:00,134346434,133274684,1071750,0,System,,Chuyển khoản
170,44,2025-11-08 00:00:00,53674829,53108778,566051,0,InternetBanking,,Internet banking
171,44,2025-12-08 00:00:00,53674829,53108778,566051,0,InternetBanking,,Internet banking
172,44,2026-01-07 00:00:00,53674829,53108778,566051,0,InternetBanking,,Internet banking
173,44,2026-02-06 00:00:00,53674830,53108779,566051,0,Counter,1,Đóng tại quầy
174,45,2024-10-31 00:00:00,28778271,28489107,289164,0,InternetBanking,,Internet banking
175,45,2024-11-30 00:00:00,28778271,28489107,289164,0,System,,Chuyển khoản
176,45,2024-12-30 00:00:00,28778272,28489108,289164,0,InternetBanking,,Internet banking
177,45,2025-01-29 00:00:00,28778272,28489108,289164,0,System,,Chuyển khoản
178,45,2025-02-28 00:00:00,28778272,28489108,289164,0,InternetBanking,,Internet banking
179,47,2025-12-05 00:00:00,417266262,413715207,3551055,0,InternetBanking,,Internet banking
180,49,2024-05-20 00:00:00,35804813,35516538,288275,0,InternetBanking,,Internet banking
181,49,2024-06-19 00:00:00,35804813,35516538,288275,0,Counter,19,Đóng tại quầy
182,49,2024-07-19 00:00:00,35804813,35516538,288275,0,System,,Chuyển khoản
183,49,2024-08-18 00:00:00,35804813,35516538,288275,0,InternetBanking,,Internet banking
184,49,2024-09-17 00:00:00,35804813,35516538,288275,0,System,,Chuyển khoản
185,49,2024-10-17 00:00:00,35804813,35516538,288275,0,Counter,34,Đóng tại quầy
186,49,2024-11-16 00:00:00,35804813,35516538,288275,0,System,,Chuyển khoản
187,49,2024-12-16 00:00:00,35804814,35516539,288275,0,InternetBanking,,Internet banking
188,49,2025-01-15 00:00:00,35804814,35516539,288275,0,System,,Chuyển khoản
189,49,2025-02-14 00:00:00,35804814,35516539,288275,0,System,,Chuyển khoản
190,49,2025-03-16 00:00:00,35804814,35516539,288275,0,InternetBanking,,Internet banking
191,49,2025-04-15 00:00:00,35804814,35516539,288275,0,System,,Chuyển khoản
192,51,2024-02-16 00:00:00,10995932,10929717,66215,0,InternetBanking,,Internet banking
193,52,2025-08-24 00:00:00,17141482,16956515,184967,0,System,,Chuyển khoản
194,52,2025-09-23 00:00:00,17141482,16956515,184967,0,InternetBanking,,Internet banking
195,52,2025-10-23 00:00:00,17141482,16956515,184967,0,InternetBanking,,Internet banking
196,52,2025-11-22 00:00:00,17141482,16956515,184967,0,InternetBanking,,Internet banking
197,52,2025-12-22 00:00:00,17141483,16956516,184967,0,InternetBanking,,Internet banking
198,52,2026-01-21 00:00:00,17141483,16956516,184967,0,System,,Chuyển khoản
199,52,2026-02-20 00:00:00,17141483,16956516,184967,0,Counter,35,Đóng tại quầy
200,53,2024-08-25 00:00:00,6023115,5966681,56434,0,System,,Chuyển khoản
201,53,2024-09-24 00:00:00,6023115,5966681,56434,0,InternetBanking,,Internet banking
202,53,2024-10-24 00:00:00,6023115,5966681,56434,0,System,,Chuyển khoản
203,53,2024-11-23 00:00:00,6023115,5966681,56434,0,System,,Chuyển khoản
204,53,2024-12-23 00:00:00,6023115,5966681,56434,0,Counter,41,Đóng tại quầy
205,53,2025-01-22 00:00:00,6023115,5966681,56434,0,Counter,18,Đóng tại quầy
206,53,2025-02-21 00:00:00,6023115,5966681,56434,0,InternetBanking,,Internet banking
207,53,2025-03-23 00:00:00,6023115,5966681,56434,0,InternetBanking,,Internet banking
208,53,2025-04-22 00:00:00,6023115,5966681,56434,0,System,,Chuyển khoản
209,53,2025-05-22 00:00:00,6023115,5966681,56434,0,System,,Chuyển khoản
210,53,2025-06-21 00:00:00,6023115,5966681,56434,0,System,,Chuyển khoản
211,53,2025-07-21 00:00:00,6023115,5966681,56434,0,Counter,48,Đóng tại quầy
212,54,2024-02-27 00:00:00,83439944,82800997,638947,0,Counter,26,Đóng tại quầy
213,57,2024-04-30 00:00:00,17301740,17107711,194029,0,InternetBanking,,Internet banking
214,57,2024-05-30 00:00:00,17301740,17107711,194029,0,InternetBanking,,Internet banking
215,57,2024-06-29 00:00:00,17301741,17107712,194029,0,Counter,43,Đóng tại quầy
216,57,2024-07-29 00:00:00,17301741,17107712,194029,0,System,,Chuyển khoản
217,58,2025-09-11 00:00:00,46124991,45726032,398959,0,System,,Chuyển khoản
218,58,2025-10-11 00:00:00,46124991,45726032,398959,0,InternetBanking,,Internet banking
219,58,2025-11-10 00:00:00,46124991,45726032,398959,0,System,,Chuyển khoản
220,58,2025-12-10 00:00:00,46124992,45726033,398959,0,System,,Chuyển khoản
221,59,2024-03-25 00:00:00,131002223,129296586,1705637,0,Counter,12,Đóng tại quầy
222,60,2026-03-12 00:00:00,15623568,15496497,127071,0,Counter,3,Đóng tại quầy
223,62,2024-02-18 00:00:00,2293029,2271676,21353,0,System,,Chuyển khoản
224,62,2024-03-19 00:00:00,2293029,2271676,21353,0,InternetBanking,,Internet banking
225,62,2024-04-18 00:00:00,2293029,2271676,21353,0,Counter,5,Đóng tại quầy
226,62,2024-05-18 00:00:00,2293029,2271676,21353,0,Counter,49,Đóng tại quầy
227,62,2024-06-17 00:00:00,2859599,2271676,21353,566570,System,,Chuyển khoản
228,62,2024-07-17 00:00:00,2293029,2271676,21353,0,Counter,17,Đóng tại quầy
229,62,2024-08-16 00:00:00,3046252,2271676,21353,753223,InternetBanking,,Internet banking
230,62,2024-09-15 00:00:00,2293029,2271676,21353,0,System,,Chuyển khoản
231,62,2024-10-15 00:00:00,2293029,2271676,21353,0,InternetBanking,,Internet banking
232,63,2025-01-22 00:00:00,43165212,42909188,256024,0,System,,Chuyển khoản
233,63,2025-02-21 00:00:00,43165213,42909189,256024,0,InternetBanking,,Internet banking
234,64,2025-03-01 00:00:00,35116216,34921240,194976,0,System,,Chuyển khoản
235,64,2025-03-31 00:00:00,35116216,34921240,194976,0,InternetBanking,,Internet banking
236,64,2025-04-30 00:00:00,35116217,34921241,194976,0,System,,Chuyển khoản
237,65,2025-10-20 00:00:00,294277176,291676395,2600781,0,InternetBanking,,Internet banking
238,66,2024-06-23 00:00:00,14316143,14190909,125234,0,Counter,6,Đóng tại quầy
239,66,2024-07-23 00:00:00,14316144,14190910,125234,0,Counter,11,Đóng tại quầy
240,66,2024-08-22 00:00:00,14316144,14190910,125234,0,InternetBanking,,Internet banking
241,66,2024-09-21 00:00:00,14316144,14190910,125234,0,System,,Chuyển khoản
242,66,2024-10-21 00:00:00,14977001,14190910,125234,660857,System,,Chuyển khoản
243,66,2024-11-20 00:00:00,14316144,14190910,125234,0,System,,Chuyển khoản
244,67,2025-12-25 00:00:00,6287596,6234808,52788,0,InternetBanking,,Internet banking
245,67,2026-01-24 00:00:00,6287596,6234808,52788,0,InternetBanking,,Internet banking
246,67,2026-02-23 00:00:00,6287596,6234808,52788,0,Counter,17,Đóng tại quầy
247,67,2026-03-25 00:00:00,6287596,6234808,52788,0,Counter,12,Đóng tại quầy
248,68,2025-06-11 00:00:00,28575882,28353543,222339,0,System,,Chuyển khoản
249,68,2025-07-11 00:00:00,28575882,28353543,222339,0,System,,Chuyển khoản
250,68,2025-08-10 00:00:00,28575882,28353543,222339,0,System,,Chuyển khoản
251,68,2025-09-09 00:00:00,28575883,28353544,222339,0,InternetBanking,,Internet banking
252,68,2025-10-09 00:00:00,28575883,28353544,222339,0,Counter,26,Đóng tại quầy
253,68,2025-11-08 00:00:00,28575883,28353544,222339,0,Counter,31,Đóng tại quầy
254,68,2025-12-08 00:00:00,28575883,28353544,222339,0,InternetBanking,,Internet banking
255,69,2026-03-31 00:00:00,28366059,28104222,261837,0,InternetBanking,,Internet banking
256,70,2026-03-22 00:00:00,5970213,5906424,63789,0,InternetBanking,,Internet banking
257,71,2025-12-09 00:00:00,20323075,20139304,183771,0,InternetBanking,,Internet banking
258,71,2026-01-08 00:00:00,20323075,20139304,183771,0,InternetBanking,,Internet banking
259,71,2026-02-07 00:00:00,20323075,20139304,183771,0,InternetBanking,,Internet banking
260,71,2026-03-09 00:00:00,20323075,20139304,183771,0,Counter,7,Đóng tại quầy
261,72,2024-06-29 00:00:00,89452668,88651847,800821,0,Counter,46,Đóng tại quầy
262,73,2025-10-29 00:00:00,661997032,654643207,7353825,0,Counter,16,Đóng tại quầy
263,74,2024-10-14 00:00:00,268048426,266257843,1790583,0,System,,Chuyển khoản
264,75,2024-12-04 00:00:00,24775869,24535625,240244,0,System,,Chuyển khoản
265,75,2025-01-03 00:00:00,24775870,24535626,240244,0,InternetBanking,,Internet banking
266,75,2025-02-02 00:00:00,24775870,24535626,240244,0,Counter,18,Đóng tại quầy
267,75,2025-03-04 00:00:00,24775870,24535626,240244,0,InternetBanking,,Internet banking
268,75,2025-04-03 00:00:00,24775870,24535626,240244,0,Counter,33,Đóng tại quầy
269,76,2024-09-16 00:00:00,31753863,31450367,303496,0,System,,Chuyển khoản
270,76,2024-10-16 00:00:00,31753864,31450368,303496,0,InternetBanking,,Internet banking
271,76,2024-11-15 00:00:00,31753864,31450368,303496,0,System,,Chuyển khoản
272,76,2024-12-15 00:00:00,31753864,31450368,303496,0,System,,Chuyển khoản
273,77,2025-05-05 00:00:00,46894342,46557576,336766,0,InternetBanking,,Internet banking
274,77,2025-06-04 00:00:00,46894343,46557577,336766,0,InternetBanking,,Internet banking
275,78,2024-07-07 00:00:00,16782858,16665919,116939,0,Counter,21,Đóng tại quầy
276,78,2024-08-06 00:00:00,16782858,16665919,116939,0,System,,Chuyển khoản
277,78,2024-09-05 00:00:00,16782859,16665920,116939,0,InternetBanking,,Internet banking
278,78,2024-10-05 00:00:00,16782859,16665920,116939,0,System,,Chuyển khoản
279,78,2024-11-04 00:00:00,16782859,16665920,116939,0,InternetBanking,,Internet banking
280,78,2024-12-04 00:00:00,16782859,16665920,116939,0,InternetBanking,,Internet banking
281,79,2025-04-10 00:00:00,28736357,28448788,287569,0,Counter,5,Đóng tại quầy
282,79,2025-05-10 00:00:00,28736357,28448788,287569,0,System,,Chuyển khoản
283,79,2025-06-09 00:00:00,28736357,28448788,287569,0,InternetBanking,,Internet banking
284,79,2025-07-09 00:00:00,28736357,28448788,287569,0,Counter,37,Đóng tại quầy
285,79,2025-08-08 00:00:00,28736357,28448788,287569,0,Counter,7,Đóng tại quầy
286,79,2025-09-07 00:00:00,28736358,28448789,287569,0,Counter,45,Đóng tại quầy
287,79,2025-10-07 00:00:00,28736358,28448789,287569,0,System,,Chuyển khoản
288,79,2025-11-06 00:00:00,28736358,28448789,287569,0,Counter,16,Đóng tại quầy
289,80,2026-02-17 00:00:00,152710406,151536002,1174404,0,InternetBanking,,Internet banking
290,80,2026-03-19 00:00:00,152710407,151536003,1174404,0,InternetBanking,,Internet banking
291,81,2026-03-16 00:00:00,18666292,18520444,145848,0,Counter,24,Đóng tại quầy
292,82,2025-11-19 00:00:00,103919259,103051906,867353,0,System,,Chuyển khoản
293,82,2025-12-19 00:00:00,103919259,103051906,867353,0,InternetBanking,,Internet banking
294,82,2026-01-18 00:00:00,103919259,103051906,867353,0,InternetBanking,,Internet banking
295,82,2026-02-17 00:00:00,103919259,103051906,867353,0,InternetBanking,,Internet banking
296,82,2026-03-19 00:00:00,103919259,103051906,867353,0,System,,Chuyển khoản
297,83,2025-06-27 00:00:00,134521455,133373333,1148122,0,InternetBanking,,Internet banking
298,84,2024-05-17 00:00:00,11427182,11347560,79622,0,InternetBanking,,Internet banking
299,84,2024-06-16 00:00:00,11427182,11347560,79622,0,Counter,31,Đóng tại quầy
300,84,2024-07-16 00:00:00,11427182,11347560,79622,0,Counter,6,Đóng tại quầy
301,84,2024-08-15 00:00:00,11427182,11347560,79622,0,InternetBanking,,Internet banking
302,85,2025-11-07 00:00:00,58482484,57820440,662044,0,System,,Chuyển khoản
303,85,2025-12-07 00:00:00,58482484,57820440,662044,0,InternetBanking,,Internet banking
304,85,2026-01-06 00:00:00,58482484,57820440,662044,0,InternetBanking,,Internet banking
305,85,2026-02-05 00:00:00,58597029,57820440,662044,114545,InternetBanking,,Internet banking
306,85,2026-03-07 00:00:00,58482485,57820441,662044,0,Counter,12,Đóng tại quầy
307,86,2025-07-01 00:00:00,22202594,22079501,123093,0,Counter,22,Đóng tại quầy
308,88,2025-02-10 00:00:00,68131585,67574099,557486,0,InternetBanking,,Internet banking
309,88,2025-03-12 00:00:00,68131586,67574100,557486,0,Counter,20,Đóng tại quầy
310,88,2025-04-11 00:00:00,68131586,67574100,557486,0,InternetBanking,,Internet banking
311,88,2025-05-11 00:00:00,68131586,67574100,557486,0,InternetBanking,,Internet banking
312,89,2025-10-16 00:00:00,8760043,8650400,109643,0,InternetBanking,,Internet banking
313,89,2025-11-15 00:00:00,8760043,8650400,109643,0,System,,Chuyển khoản
314,89,2025-12-15 00:00:00,8760043,8650400,109643,0,InternetBanking,,Internet banking
315,89,2026-01-14 00:00:00,8760043,8650400,109643,0,Counter,46,Đóng tại quầy
316,89,2026-02-13 00:00:00,8760043,8650400,109643,0,System,,Chuyển khoản
317,89,2026-03-15 00:00:00,8760043,8650400,109643,0,InternetBanking,,Internet banking
318,90,2024-03-14 00:00:00,115224820,114343423,881397,0,InternetBanking,,Internet banking
319,91,2024-03-25 00:00:00,14429942,14292260,137682,0,InternetBanking,,Internet banking
320,91,2024-04-24 00:00:00,14429943,14292261,137682,0,InternetBanking,,Internet banking
321,91,2024-05-24 00:00:00,14429943,14292261,137682,0,InternetBanking,,Internet banking
322,91,2024-06-23 00:00:00,14429943,14292261,137682,0,InternetBanking,,Internet banking
323,92,2025-12-14 00:00:00,1872056,1855818,16238,0,InternetBanking,,Internet banking
324,92,2026-01-13 00:00:00,1872056,1855818,16238,0,InternetBanking,,Internet banking
325,92,2026-02-12 00:00:00,2401810,1855818,16238,529754,Counter,8,Đóng tại quầy
326,92,2026-03-14 00:00:00,1872056,1855818,16238,0,System,,Chuyển khoản
327,93,2025-07-31 00:00:00,62829766,62425561,404205,0,System,,Chuyển khoản
328,93,2025-08-30 00:00:00,62829766,62425561,404205,0,System,,Chuyển khoản
329,93,2025-09-29 00:00:00,62829766,62425561,404205,0,Counter,7,Đóng tại quầy
330,93,2025-10-29 00:00:00,62829766,62425561,404205,0,System,,Chuyển khoản
331,93,2025-11-28 00:00:00,62829766,62425561,404205,0,System,,Chuyển khoản
332,94,2024-02-22 00:00:00,17053647,16898603,155044,0,InternetBanking,,Internet banking
333,94,2024-03-23 00:00:00,17053647,16898603,155044,0,Counter,26,Đóng tại quầy
334,94,2024-04-22 00:00:00,17053647,16898603,155044,0,Counter,27,Đóng tại quầy
335,94,2024-05-22 00:00:00,17053647,16898603,155044,0,InternetBanking,,Internet banking
336,94,2024-06-21 00:00:00,17053648,16898604,155044,0,System,,Chuyển khoản
337,95,2025-11-07 00:00:00,28416091,28215760,200331,0,System,,Chuyển khoản
338,95,2025-12-07 00:00:00,28416091,28215760,200331,0,Counter,39,Đóng tại quầy
339,95,2026-01-06 00:00:00,28416091,28215760,200331,0,System,,Chuyển khoản
340,95,2026-02-05 00:00:00,28416091,28215760,200331,0,Counter,41,Đóng tại quầy
341,95,2026-03-07 00:00:00,28416092,28215761,200331,0,Counter,12,Đóng tại quầy
342,96,2025-09-07 00:00:00,271494497,269132857,2361640,0,System,,Chuyển khoản
343,97,2024-10-30 00:00:00,5093396,5048423,44973,0,InternetBanking,,Internet banking
344,97,2024-11-29 00:00:00,5093397,5048424,44973,0,Counter,17,Đóng tại quầy
345,97,2024-12-29 00:00:00,5093397,5048424,44973,0,Counter,32,Đóng tại quầy
346,98,2024-04-04 00:00:00,14358144,14273337,84807,0,System,,Chuyển khoản
347,98,2024-05-04 00:00:00,14358144,14273337,84807,0,System,,Chuyển khoản
348,98,2024-06-03 00:00:00,14358144,14273337,84807,0,Counter,41,Đóng tại quầy
349,98,2024-07-03 00:00:00,14492754,14273337,84807,134610,System,,Chuyển khoản
350,98,2024-08-02 00:00:00,14358145,14273338,84807,0,InternetBanking,,Internet banking
351,98,2024-09-01 00:00:00,14358145,14273338,84807,0,Counter,9,Đóng tại quầy
352,98,2024-10-01 00:00:00,14358145,14273338,84807,0,Counter,43,Đóng tại quầy
353,99,2024-10-29 00:00:00,50563888,50133161,430727,0,System,,Chuyển khoản
354,99,2024-11-28 00:00:00,50563888,50133161,430727,0,System,,Chuyển khoản
355,99,2024-12-28 00:00:00,50563888,50133161,430727,0,System,,Chuyển khoản
356,99,2025-01-27 00:00:00,50563888,50133161,430727,0,Counter,34,Đóng tại quầy
357,99,2025-02-26 00:00:00,50563888,50133161,430727,0,System,,Chuyển khoản
358,99,2025-03-28 00:00:00,50563889,50133162,430727,0,InternetBanking,,Internet banking
359,101,2024-06-20 00:00:00,79068620,78380829,687791,0,InternetBanking,,Internet banking
360,101,2024-07-20 00:00:00,79068620,78380829,687791,0,InternetBanking,,Internet banking
361,101,2024-08-19 00:00:00,79068620,78380829,687791,0,Counter,38,Đóng tại quầy
362,101,2024-09-18 00:00:00,79068621,78380830,687791,0,System,,Chuyển khoản
363,101,2024-10-18 00:00:00,79068621,78380830,687791,0,Counter,43,Đóng tại quầy
364,101,2024-11-17 00:00:00,79068621,78380830,687791,0,InternetBanking,,Internet banking
365,101,2024-12-17 00:00:00,79068621,78380830,687791,0,System,,Chuyển khoản
366,102,2025-12-03 00:00:00,5877362,5211749,49120,616493,Counter,39,Đóng tại quầy
367,102,2026-01-02 00:00:00,5260869,5211749,49120,0,Counter,28,Đóng tại quầy
368,102,2026-02-01 00:00:00,5733063,5211749,49120,472194,System,,Chuyển khoản
369,102,2026-03-03 00:00:00,5905746,5211749,49120,644877,System,,Chuyển khoản
370,103,2025-11-25 00:00:00,174093921,172870860,1223061,0,Counter,35,Đóng tại quầy
371,103,2025-12-25 00:00:00,174093921,172870860,1223061,0,Counter,17,Đóng tại quầy
372,104,2026-01-18 00:00:00,19259300,19153636,105664,0,InternetBanking,,Internet banking
373,104,2026-02-17 00:00:00,19259301,19153637,105664,0,Counter,23,Đóng tại quầy
374,104,2026-03-19 00:00:00,19259301,19153637,105664,0,Counter,20,Đóng tại quầy
375,105,2025-01-16 00:00:00,21362897,21121409,241488,0,System,,Chuyển khoản
376,105,2025-02-15 00:00:00,21362897,21121409,241488,0,InternetBanking,,Internet banking
377,105,2025-03-17 00:00:00,21362897,21121409,241488,0,InternetBanking,,Internet banking
378,105,2025-04-16 00:00:00,21362897,21121409,241488,0,Counter,46,Đóng tại quầy
379,106,2025-01-18 00:00:00,50713348,50214136,499212,0,InternetBanking,,Internet banking
380,107,2024-11-25 00:00:00,38485659,37816892,351066,317701,Counter,11,Đóng tại quầy
381,107,2024-12-25 00:00:00,38167958,37816892,351066,0,Counter,37,Đóng tại quầy
382,107,2025-01-24 00:00:00,38167958,37816892,351066,0,Counter,6,Đóng tại quầy
383,108,2025-06-27 00:00:00,17858798,17636142,222656,0,Counter,49,Đóng tại quầy
384,108,2025-07-27 00:00:00,17858799,17636143,222656,0,InternetBanking,,Internet banking
385,110,2024-10-10 00:00:00,1663465,1653038,10427,0,InternetBanking,,Internet banking
386,110,2024-11-09 00:00:00,1663466,1653039,10427,0,InternetBanking,,Internet banking
387,110,2024-12-09 00:00:00,1663466,1653039,10427,0,System,,Chuyển khoản
388,110,2025-01-08 00:00:00,1663466,1653039,10427,0,InternetBanking,,Internet banking
389,110,2025-02-07 00:00:00,1663466,1653039,10427,0,Counter,45,Đóng tại quầy
390,111,2025-01-11 00:00:00,103129744,102225897,903847,0,InternetBanking,,Internet banking
391,111,2025-02-10 00:00:00,103129745,102225898,903847,0,System,,Chuyển khoản
392,111,2025-03-12 00:00:00,103129745,102225898,903847,0,Counter,31,Đóng tại quầy
393,112,2024-07-10 00:00:00,58488074,57837880,650194,0,InternetBanking,,Internet banking
394,112,2024-08-09 00:00:00,58488075,57837881,650194,0,Counter,38,Đóng tại quầy
395,113,2025-10-12 00:00:00,17617479,17437582,179897,0,System,,Chuyển khoản
396,113,2025-11-11 00:00:00,17617480,17437583,179897,0,InternetBanking,,Internet banking
397,113,2025-12-11 00:00:00,17617480,17437583,179897,0,InternetBanking,,Internet banking
398,113,2026-01-10 00:00:00,17617480,17437583,179897,0,InternetBanking,,Internet banking
399,114,2024-02-15 00:00:00,58187460,57731383,456077,0,System,,Chuyển khoản
400,114,2024-03-16 00:00:00,58187460,57731383,456077,0,InternetBanking,,Internet banking
401,114,2024-04-15 00:00:00,58187460,57731383,456077,0,System,,Chuyển khoản
402,114,2024-05-15 00:00:00,58187460,57731383,456077,0,InternetBanking,,Internet banking
403,114,2024-06-14 00:00:00,58187461,57731384,456077,0,InternetBanking,,Internet banking
404,114,2024-07-14 00:00:00,58187461,57731384,456077,0,Counter,21,Đóng tại quầy
405,114,2024-08-13 00:00:00,58187461,57731384,456077,0,System,,Chuyển khoản
406,115,2024-11-17 00:00:00,233868030,232177008,1691022,0,InternetBanking,,Internet banking
407,115,2024-12-17 00:00:00,233868031,232177009,1691022,0,Counter,49,Đóng tại quầy
408,116,2025-07-31 00:00:00,21566901,21379122,187779,0,Counter,28,Đóng tại quầy
409,116,2025-08-30 00:00:00,21566901,21379122,187779,0,Counter,41,Đóng tại quầy
410,116,2025-09-29 00:00:00,21566901,21379122,187779,0,Counter,22,Đóng tại quầy
411,116,2025-10-29 00:00:00,21566901,21379122,187779,0,System,,Chuyển khoản
412,116,2025-11-28 00:00:00,21566901,21379122,187779,0,InternetBanking,,Internet banking
413,116,2025-12-28 00:00:00,21566902,21379123,187779,0,System,,Chuyển khoản
414,116,2026-01-27 00:00:00,21566902,21379123,187779,0,InternetBanking,,Internet banking
415,116,2026-02-26 00:00:00,21566902,21379123,187779,0,InternetBanking,,Internet banking
416,116,2026-03-28 00:00:00,21566902,21379123,187779,0,System,,Chuyển khoản
417,117,2025-03-12 00:00:00,65633996,64885649,748347,0,Counter,1,Đóng tại quầy
418,117,2025-04-11 00:00:00,65633996,64885649,748347,0,Counter,4,Đóng tại quầy
419,119,2025-01-15 00:00:00,81226025,80439727,786298,0,System,,Chuyển khoản
420,120,2026-03-15 00:00:00,8357846,8273116,84730,0,InternetBanking,,Internet banking
421,121,2025-06-11 00:00:00,21582141,21433358,148783,0,InternetBanking,,Internet banking
422,121,2025-07-11 00:00:00,21582141,21433358,148783,0,InternetBanking,,Internet banking
423,121,2025-08-10 00:00:00,21582142,21433359,148783,0,Counter,7,Đóng tại quầy
424,121,2025-09-09 00:00:00,21582142,21433359,148783,0,Counter,30,Đóng tại quầy
425,121,2025-10-09 00:00:00,21582142,21433359,148783,0,InternetBanking,,Internet banking
426,121,2025-11-08 00:00:00,21582142,21433359,148783,0,Counter,5,Đóng tại quầy
427,121,2025-12-08 00:00:00,21582142,21433359,148783,0,Counter,1,Đóng tại quầy
428,121,2026-01-07 00:00:00,21582142,21433359,148783,0,InternetBanking,,Internet banking
429,122,2025-08-21 00:00:00,40704722,40252220,452502,0,InternetBanking,,Internet banking
430,122,2025-09-20 00:00:00,40704723,40252221,452502,0,InternetBanking,,Internet banking
431,124,2025-12-01 00:00:00,45839627,45416497,423130,0,System,,Chuyển khoản
432,124,2025-12-31 00:00:00,45839628,45416498,423130,0,Counter,39,Đóng tại quầy
433,124,2026-01-30 00:00:00,45839628,45416498,423130,0,InternetBanking,,Internet banking
434,124,2026-03-01 00:00:00,45839628,45416498,423130,0,Counter,11,Đóng tại quầy
435,125,2025-08-29 00:00:00,25246668,24989897,256771,0,System,,Chuyển khoản
436,125,2025-09-28 00:00:00,25246669,24989898,256771,0,InternetBanking,,Internet banking
437,126,2024-08-26 00:00:00,28460233,28244399,215834,0,InternetBanking,,Internet banking
438,126,2024-09-25 00:00:00,28460233,28244399,215834,0,Counter,34,Đóng tại quầy
439,126,2024-10-25 00:00:00,28460233,28244399,215834,0,InternetBanking,,Internet banking
440,126,2024-11-24 00:00:00,28460233,28244399,215834,0,Counter,30,Đóng tại quầy
441,126,2024-12-24 00:00:00,28460233,28244399,215834,0,System,,Chuyển khoản
442,126,2025-01-23 00:00:00,28460233,28244399,215834,0,System,,Chuyển khoản
443,126,2025-02-22 00:00:00,28460233,28244399,215834,0,System,,Chuyển khoản
444,126,2025-03-24 00:00:00,28460234,28244400,215834,0,InternetBanking,,Internet banking
445,126,2025-04-23 00:00:00,28460234,28244400,215834,0,InternetBanking,,Internet banking
446,126,2025-05-23 00:00:00,28460234,28244400,215834,0,System,,Chuyển khoản
447,126,2025-06-22 00:00:00,28460234,28244400,215834,0,Counter,47,Đóng tại quầy
448,126,2025-07-22 00:00:00,28460234,28244400,215834,0,InternetBanking,,Internet banking
449,126,2025-08-21 00:00:00,28460234,28244400,215834,0,InternetBanking,,Internet banking
450,126,2025-09-20 00:00:00,28460234,28244400,215834,0,Counter,29,Đóng tại quầy
451,126,2025-10-20 00:00:00,28460234,28244400,215834,0,InternetBanking,,Internet banking
452,126,2025-11-19 00:00:00,28460234,28244400,215834,0,Counter,2,Đóng tại quầy
453,126,2025-12-19 00:00:00,28460234,28244400,215834,0,System,,Chuyển khoản
454,127,2024-05-25 00:00:00,182970268,181620225,1350043,0,Counter,48,Đóng tại quầy
455,127,2024-06-24 00:00:00,182970269,181620226,1350043,0,System,,Chuyển khoản
456,128,2024-09-09 00:00:00,7090717,7012586,78131,0,Counter,48,Đóng tại quầy
457,128,2024-10-09 00:00:00,7090717,7012586,78131,0,System,,Chuyển khoản
458,128,2024-11-08 00:00:00,7090718,7012587,78131,0,InternetBanking,,Internet banking
459,128,2024-12-08 00:00:00,7090718,7012587,78131,0,System,,Chuyển khoản
460,129,2024-11-13 00:00:00,25612704,25432978,179726,0,InternetBanking,,Internet banking
461,129,2024-12-13 00:00:00,25612704,25432978,179726,0,System,,Chuyển khoản
462,129,2025-01-12 00:00:00,25612704,25432978,179726,0,InternetBanking,,Internet banking
463,129,2025-02-11 00:00:00,25612704,25432978,179726,0,System,,Chuyển khoản
464,130,2025-06-10 00:00:00,307287333,304295098,2992235,0,InternetBanking,,Internet banking
465,130,2025-07-10 00:00:00,307287334,304295099,2992235,0,InternetBanking,,Internet banking
466,131,2026-01-19 00:00:00,26186538,26018287,168251,0,InternetBanking,,Internet banking
467,131,2026-02-18 00:00:00,26186539,26018288,168251,0,Counter,38,Đóng tại quầy
468,131,2026-03-20 00:00:00,26186539,26018288,168251,0,InternetBanking,,Internet banking
469,132,2025-08-15 00:00:00,11088079,11004355,83724,0,InternetBanking,,Internet banking
470,132,2025-09-14 00:00:00,11088079,11004355,83724,0,System,,Chuyển khoản
471,132,2025-10-14 00:00:00,11088079,11004355,83724,0,System,,Chuyển khoản
472,133,2024-12-07 00:00:00,14093803,13385153,115893,592757,InternetBanking,,Internet banking
473,133,2025-01-06 00:00:00,13501046,13385153,115893,0,Counter,5,Đóng tại quầy
474,133,2025-02-05 00:00:00,13696508,13385153,115893,195462,InternetBanking,,Internet banking
475,133,2025-03-07 00:00:00,14091509,13385153,115893,590463,Counter,28,Đóng tại quầy
476,133,2025-04-06 00:00:00,13501047,13385154,115893,0,Counter,43,Đóng tại quầy
477,133,2025-05-06 00:00:00,13501047,13385154,115893,0,System,,Chuyển khoản
478,133,2025-06-05 00:00:00,13501047,13385154,115893,0,System,,Chuyển khoản
479,133,2025-07-05 00:00:00,13501047,13385154,115893,0,Counter,6,Đóng tại quầy
480,133,2025-08-04 00:00:00,13815486,13385154,115893,314439,InternetBanking,,Internet banking
481,133,2025-09-03 00:00:00,13501047,13385154,115893,0,Counter,7,Đóng tại quầy
482,133,2025-10-03 00:00:00,13501047,13385154,115893,0,System,,Chuyển khoản
483,133,2025-11-02 00:00:00,13501047,13385154,115893,0,Counter,34,Đóng tại quầy
484,135,2026-02-11 00:00:00,17076563,16913489,163074,0,Counter,20,Đóng tại quầy
485,135,2026-03-13 00:00:00,17076563,16913489,163074,0,Counter,46,Đóng tại quầy
486,136,2025-02-26 00:00:00,19198041,19041898,156143,0,InternetBanking,,Internet banking
487,136,2025-03-28 00:00:00,19198041,19041898,156143,0,System,,Chuyển khoản
488,136,2025-04-27 00:00:00,19198041,19041898,156143,0,InternetBanking,,Internet banking
489,136,2025-05-27 00:00:00,19198041,19041898,156143,0,InternetBanking,,Internet banking
490,136,2025-06-26 00:00:00,19198041,19041898,156143,0,Counter,12,Đóng tại quầy
491,137,2024-07-25 00:00:00,45843052,45485235,357817,0,System,,Chuyển khoản
492,137,2024-08-24 00:00:00,45843052,45485235,357817,0,System,,Chuyển khoản
493,137,2024-09-23 00:00:00,45843052,45485235,357817,0,InternetBanking,,Internet banking
494,138,2024-12-09 00:00:00,405345142,401603536,3741606,0,System,,Chuyển khoản
495,139,2026-03-07 00:00:00,24621658,24456577,165081,0,InternetBanking,,Internet banking
496,140,2024-10-13 00:00:00,37814022,37418632,395390,0,System,,Chuyển khoản
497,140,2024-11-12 00:00:00,37814023,37418633,395390,0,System,,Chuyển khoản
